tile_id,baram_palette,nexus_existing_palette,nexus_replacement_palette
0,0,0,3
1,0,169,3
2,0,169,3
3,0,169,3
4,0,169,3
5,0,169,3
6,0,169,3
7,0,169,3
8,0,169,3
9,0,169,3
10,0,169,3
11,0,169,3
12,0,169,3
13,0,169,3
14,0,169,3
15,0,169,3
16,0,169,3
17,0,169,3
18,0,169,3
19,0,169,3
20,0,169,3
21,0,169,3
22,0,169,3
23,0,169,3
24,0,169,3
25,0,169,3
26,0,169,3
27,0,169,3
28,0,169,3
29,0,169,3
30,0,169,3
31,0,169,3
32,0,169,3
33,0,169,3
34,0,169,3
35,0,169,3
36,0,169,3
37,0,169,3
38,0,169,3
39,0,169,3
40,0,169,3
41,0,169,3
42,0,169,3
43,0,169,3
44,0,169,3
45,0,169,3
46,0,169,3
47,0,169,3
48,0,169,3
49,0,169,3
50,0,169,3
51,0,169,3
52,0,169,3
53,0,169,3
54,0,169,3
55,0,169,3
56,0,169,3
57,0,169,3
58,0,169,3
59,0,169,3
60,0,169,3
61,0,169,3
62,0,169,3
63,0,169,3
64,0,169,3
65,0,169,3
66,0,169,3
67,0,169,3
68,0,169,3
69,0,169,3
70,0,169,3
71,0,169,3
72,0,169,3
73,0,169,3
74,0,169,3
75,0,169,3
76,0,169,3
77,0,169,3
78,0,169,3
79,0,169,3
80,0,169,3
81,0,169,3
82,0,169,3
83,0,169,3
84,0,169,3
85,0,169,3
86,0,169,3
87,0,169,3
88,0,169,3
89,0,169,3
90,0,169,3
91,0,169,3
92,0,169,3
93,0,169,3
94,0,169,3
95,0,169,3
96,0,169,3
97,0,169,3
98,0,169,3
99,0,169,3
100,0,169,3
101,0,169,3
102,0,169,3
103,0,169,3
104,0,169,3
105,0,169,3
106,0,169,3
107,0,169,3
108,0,169,3
109,0,169,3
110,0,169,3
111,0,169,3
112,0,169,3
113,0,169,3
114,0,169,3
115,0,169,3
116,0,169,3
117,0,169,3
118,0,169,3
119,0,169,3
120,0,169,3
121,0,169,3
122,0,169,3
123,0,169,3
124,0,169,3
125,0,169,3
126,0,169,3
127,0,169,3
128,0,169,3
129,0,169,3
130,0,169,3
131,0,169,3
132,0,169,3
133,0,169,3
134,0,169,3
135,0,169,3
136,0,169,3
137,0,169,3
138,0,169,3
139,0,169,3
140,0,169,3
141,0,169,3
142,0,169,3
143,0,169,3
144,0,169,3
145,0,169,3
146,0,169,3
147,0,169,3
148,0,169,3
149,0,169,3
150,0,169,3
151,0,169,3
152,0,169,3
153,0,169,3
154,0,169,3
155,0,169,3
156,0,169,3
157,0,169,3
158,0,169,3
159,0,169,3
160,0,169,3
161,0,169,3
162,0,169,3
163,0,169,3
164,0,169,3
165,0,169,3
166,0,169,3
167,0,169,3
168,0,169,3
169,0,169,3
170,0,169,3
171,0,169,3
172,0,169,3
173,0,169,3
174,0,169,3
175,0,169,3
176,0,169,3
177,0,169,3
178,0,169,3
179,0,169,3
180,0,169,3
181,0,169,3
182,0,169,3
183,0,169,3
184,0,169,3
185,0,169,3
186,0,169,3
187,0,169,3
188,0,169,3
189,0,169,3
190,0,169,3
191,0,169,3
192,0,169,3
193,0,169,3
194,0,169,3
195,0,169,3
196,0,169,3
197,0,169,3
198,0,169,3
199,0,169,3
200,0,169,3
201,0,169,3
202,0,169,3
203,0,169,3
204,0,169,3
205,0,169,3
206,0,169,3
207,0,169,3
208,0,169,3
209,0,169,3
210,0,169,3
211,0,169,3
212,0,169,3
213,0,169,3
214,0,169,3
215,0,169,3
216,0,169,3
217,0,169,3
218,0,169,3
219,0,169,3
220,0,169,3
221,0,169,3
222,0,169,3
223,0,169,3
224,0,169,3
225,0,169,3
226,0,169,3
227,0,169,3
228,0,169,3
229,0,169,3
230,0,169,3
231,0,169,3
232,0,169,3
233,0,169,3
234,0,169,3
235,0,169,3
236,0,169,3
237,0,169,3
238,0,169,3
239,0,169,3
240,0,169,3
241,0,169,3
242,0,169,3
243,0,169,3
244,0,169,3
245,0,169,3
246,0,169,3
247,0,169,3
248,0,169,3
249,0,169,3
250,0,169,3
251,0,169,3
252,0,169,3
253,0,169,3
254,0,169,3
255,0,169,3
256,0,169,3
257,0,169,3
258,0,169,3
259,0,169,3
260,0,169,3
261,0,169,3
262,0,169,3
263,0,169,3
264,0,169,3
265,0,169,3
266,0,169,3
267,0,169,3
268,0,169,3
269,0,169,3
270,0,169,3
271,0,169,3
272,0,169,3
273,0,169,3
274,0,169,3
275,0,169,3
276,0,169,3
277,0,169,3
278,0,169,3
279,0,169,3
280,0,169,3
281,0,169,3
282,0,169,3
283,0,169,3
284,0,169,3
285,0,169,3
286,0,169,3
287,0,169,3
288,0,169,3
289,0,169,3
290,0,169,3
291,0,169,3
292,0,169,3
293,0,169,3
294,0,169,3
295,0,169,3
296,0,169,3
297,0,169,3
298,0,169,3
299,0,169,3
300,0,169,3
301,0,169,3
302,0,169,3
303,0,169,3
304,0,169,3
305,0,169,3
306,0,169,3
307,0,169,3
308,0,169,3
309,0,169,3
310,0,169,3
311,0,169,3
312,0,169,3
313,0,169,3
314,0,169,3
315,0,169,3
316,0,169,3
317,0,169,3
318,0,169,3
319,0,169,3
320,0,169,3
321,0,169,3
322,0,169,3
323,0,169,3
324,0,169,3
325,0,169,3
326,0,169,3
327,0,169,3
328,0,169,3
329,0,169,3
330,0,169,3
331,0,169,3
332,0,169,3
333,0,169,3
334,0,169,3
335,0,169,3
336,0,169,3
337,0,169,3
338,0,169,3
339,0,169,3
340,0,169,3
341,0,169,3
342,0,169,3
343,0,169,3
344,0,169,3
345,0,169,3
346,0,169,3
347,0,169,3
348,0,169,3
349,0,169,3
350,0,169,3
351,0,169,3
352,0,169,3
353,0,169,3
354,0,169,3
355,0,169,3
356,0,169,3
357,0,169,3
358,0,169,3
359,0,169,3
360,0,169,3
361,0,169,3
362,0,169,3
363,0,169,3
364,0,169,3
365,0,169,3
366,0,169,3
367,0,169,3
368,0,169,3
369,0,169,3
370,0,169,3
371,0,169,3
372,0,169,3
373,0,169,3
374,0,169,3
375,0,169,3
376,0,169,3
377,0,169,3
378,0,169,3
379,0,169,3
380,0,169,3
381,0,169,3
382,0,169,3
383,0,169,3
384,0,169,3
385,0,169,3
386,0,169,3
387,0,169,3
388,0,169,3
389,0,169,3
390,0,169,3
391,0,169,3
392,0,169,3
393,0,169,3
394,0,169,3
395,0,169,3
396,0,169,3
397,0,169,3
398,0,169,3
399,0,169,3
400,0,169,3
401,0,169,3
402,0,169,3
403,0,169,3
404,0,169,3
405,0,169,3
406,0,169,3
407,0,169,3
408,0,169,3
409,0,169,3
410,0,169,3
411,0,169,3
412,0,169,3
413,0,169,3
414,0,169,3
415,0,169,3
416,0,169,3
417,0,169,3
418,0,169,3
419,0,169,3
420,0,169,3
421,0,169,3
422,0,169,3
423,0,169,3
424,0,169,3
425,0,169,3
426,0,169,3
427,0,169,3
428,0,169,3
429,0,169,3
430,0,169,3
431,0,169,3
432,0,169,3
433,0,169,3
434,0,169,3
435,0,169,3
436,0,169,3
437,0,169,3
438,0,169,3
439,0,169,3
440,0,169,3
441,0,169,3
442,0,169,3
443,0,169,3
444,0,169,3
445,0,169,3
446,0,169,3
447,0,169,3
448,0,169,3
449,0,169,3
450,0,169,3
451,0,169,3
452,0,169,3
453,0,169,3
454,0,169,3
455,0,169,3
456,0,169,3
457,0,169,3
458,0,169,3
459,0,169,3
460,0,169,3
461,0,169,3
462,0,169,3
463,0,169,3
464,0,169,3
465,0,169,3
466,0,169,3
467,0,169,3
468,0,169,3
469,0,169,3
470,0,169,3
471,0,169,3
472,0,169,3
473,0,169,3
474,0,169,3
475,0,169,3
476,0,169,3
477,0,169,3
478,0,169,3
479,0,169,3
480,0,169,3
481,0,169,3
482,0,169,3
483,0,169,3
484,0,169,3
485,0,169,3
486,0,169,3
487,0,169,3
488,0,169,3
489,0,169,3
490,0,169,3
491,0,169,3
492,0,169,3
493,0,169,3
494,0,169,3
495,0,169,3
496,0,169,3
497,0,169,3
498,0,169,3
499,0,169,3
500,0,169,3
501,0,169,3
502,0,169,3
503,0,169,3
504,0,169,3
505,0,169,3
506,0,169,3
507,0,169,3
508,0,169,3
509,0,169,3
510,0,169,3
511,0,169,3
512,0,169,3
513,0,169,3
514,0,169,3
515,0,169,3
516,0,169,3
517,0,169,3
518,0,169,3
519,0,169,3
520,0,169,3
521,0,169,3
522,0,169,3
523,0,169,3
524,0,169,3
525,0,169,3
526,0,169,3
527,0,169,3
528,0,169,3
529,0,169,3
530,0,169,3
531,0,169,3
532,0,169,3
533,0,169,3
534,0,169,3
535,0,169,3
536,0,169,3
537,0,169,3
538,0,169,3
539,0,169,3
540,0,169,3
541,0,169,3
542,0,169,3
543,0,169,3
544,0,169,3
545,0,169,3
546,0,169,3
547,0,169,3
548,0,169,3
549,0,169,3
550,0,169,3
551,0,169,3
552,0,169,3
553,0,169,3
554,0,169,3
555,0,169,3
556,0,169,3
557,0,169,3
558,0,169,3
559,0,169,3
560,0,169,3
561,0,169,3
562,0,169,3
563,0,169,3
564,0,169,3
565,0,169,3
566,0,169,3
567,0,169,3
568,0,169,3
569,0,169,3
570,0,169,3
571,0,169,3
572,0,169,3
573,0,169,3
574,0,169,3
575,0,169,3
576,0,169,3
577,0,169,3
578,0,169,3
579,0,169,3
580,0,169,3
581,0,169,3
582,0,169,3
583,0,169,3
584,0,169,3
585,0,169,3
586,0,169,3
587,0,169,3
588,0,169,3
589,0,169,3
590,0,169,3
591,0,169,3
592,0,169,3
593,0,169,3
594,0,169,3
595,0,169,3
596,0,169,3
597,0,169,3
598,0,169,3
599,0,169,3
600,0,169,3
601,0,169,3
602,0,169,3
603,0,169,3
604,0,169,3
605,0,169,3
606,0,169,3
607,0,169,3
608,0,169,3
609,0,169,3
610,0,169,3
611,0,169,3
612,0,175,3
613,0,175,3
614,0,175,3
615,0,175,3
616,0,175,3
617,0,175,3
618,0,175,3
619,0,175,3
620,0,175,3
621,0,175,3
622,0,169,3
623,0,169,3
624,0,169,3
625,0,169,3
626,0,169,3
627,0,169,3
628,0,169,3
629,0,169,3
630,0,169,3
631,0,0,3
632,0,0,3
633,0,0,3
634,0,0,3
635,0,0,3
636,0,0,3
637,0,0,3
638,0,0,3
639,0,0,3
640,0,0,3
641,0,0,3
642,0,0,3
643,0,0,3
644,0,0,3
645,0,0,3
646,0,0,3
647,0,0,3
648,0,0,3
649,0,0,3
650,0,0,3
651,0,0,3
652,0,0,3
653,0,0,3
654,0,0,3
655,0,0,3
656,0,0,3
657,0,0,3
658,0,0,3
659,0,0,3
660,0,0,3
661,0,0,3
662,0,0,3
663,0,0,3
664,0,0,3
665,0,0,3
666,0,0,3
667,0,0,3
668,0,0,3
669,0,0,3
670,0,0,3
671,0,0,3
672,0,0,3
673,0,0,3
674,0,0,3
675,0,0,3
676,0,0,3
677,0,0,3
678,0,0,3
679,0,0,3
680,0,0,3
681,0,0,3
682,0,0,3
683,0,0,3
684,0,0,3
685,0,0,3
686,0,0,3
687,0,0,3
688,0,0,3
689,0,0,3
690,0,0,3
691,0,0,3
692,0,0,3
693,0,0,3
694,0,0,3
695,0,0,3
696,0,0,3
697,0,0,3
698,0,0,3
699,0,0,3
700,0,0,3
701,0,0,3
702,0,0,3
703,0,0,3
704,0,0,3
705,0,0,3
706,0,0,3
707,0,0,3
708,0,0,3
709,0,0,3
710,0,0,3
711,0,0,3
712,0,0,3
713,0,0,3
714,0,0,3
715,0,0,3
716,0,0,3
717,0,0,3
718,0,0,3
719,0,0,3
720,0,0,3
721,0,0,3
722,0,0,3
723,0,0,3
724,0,0,3
725,0,0,3
726,0,0,3
727,0,0,3
728,0,0,3
729,0,0,3
730,0,0,3
731,0,0,3
732,0,0,3
733,0,0,3
734,0,0,3
735,0,0,3
736,0,0,3
737,0,0,3
738,0,0,3
739,0,0,3
740,0,0,3
741,0,0,3
742,0,0,3
743,0,0,3
744,0,0,3
745,0,0,3
746,0,0,3
747,0,0,3
748,0,0,3
749,0,0,3
750,0,0,3
751,0,0,3
752,0,0,3
753,0,0,3
754,0,0,3
755,0,0,3
756,0,0,3
757,0,0,3
758,0,0,3
759,0,0,3
760,0,0,3
761,0,0,3
762,0,0,3
763,0,0,3
764,0,0,3
765,0,0,3
766,0,0,3
767,0,0,3
768,0,0,3
778,1,169,1
779,1,169,1
780,1,169,1
781,1,169,1
782,1,169,1
783,1,169,1
784,1,169,1
785,1,169,1
786,1,169,1
787,1,169,1
788,1,169,1
789,1,169,1
790,1,169,1
791,1,169,1
792,1,169,1
793,1,169,1
794,1,169,1
795,1,169,1
796,1,169,1
797,1,169,1
798,1,169,1
799,1,169,1
800,1,169,1
801,1,169,1
802,1,169,1
803,1,169,1
804,1,169,1
805,1,169,1
806,1,169,1
807,1,169,1
808,1,169,1
809,1,169,1
810,1,169,1
811,1,169,1
812,1,169,1
813,1,169,1
814,1,169,1
815,1,169,1
816,1,169,1
817,1,169,1
818,1,169,1
819,1,169,1
820,1,169,1
821,1,169,1
822,1,169,1
823,1,169,1
824,1,169,1
825,1,169,1
826,1,169,1
827,1,169,1
828,1,169,1
829,1,169,1
830,1,169,1
831,1,169,1
832,1,169,1
833,1,169,1
834,1,169,1
835,1,169,1
836,1,169,1
837,1,169,1
838,1,169,1
839,1,169,1
840,1,169,1
841,1,169,1
842,1,169,1
843,1,169,1
844,1,169,1
845,1,169,1
846,1,169,1
847,1,169,1
848,1,169,1
849,1,169,1
850,1,169,1
851,1,169,1
852,1,169,1
853,1,169,1
854,1,169,1
855,1,169,1
856,1,169,1
857,1,169,1
858,1,169,1
859,1,169,1
860,1,169,1
861,1,169,1
862,1,169,1
863,1,169,1
864,1,169,1
865,1,169,1
866,1,169,1
867,1,169,1
868,1,169,1
869,1,169,1
870,1,169,1
871,1,169,1
872,1,169,1
873,1,169,1
874,1,169,1
875,1,169,1
876,1,169,1
877,1,169,1
878,1,169,1
879,1,169,1
880,1,169,1
881,1,169,1
882,1,169,1
883,1,169,1
884,1,169,1
885,1,169,1
886,1,169,1
887,1,169,1
888,1,169,1
889,1,169,1
890,1,169,1
891,1,169,1
892,1,169,1
893,1,169,1
894,1,169,1
895,1,169,1
896,1,169,1
897,1,169,1
898,1,169,1
899,1,169,1
900,1,169,1
901,1,169,1
902,1,169,1
903,1,169,1
904,1,169,1
905,1,169,1
906,1,169,1
907,1,169,1
908,1,169,1
909,1,169,1
910,1,169,1
911,1,169,1
912,1,169,1
913,1,169,1
914,1,169,1
915,1,169,1
916,1,169,1
917,1,169,1
918,1,169,1
919,1,169,1
920,1,169,1
921,1,169,1
922,1,169,1
923,1,169,1
924,1,169,1
925,1,169,1
926,1,169,1
927,1,169,1
928,1,169,1
929,1,169,1
930,1,169,1
931,1,169,1
932,1,169,1
933,1,169,1
934,1,169,1
935,1,169,1
936,1,169,1
937,1,169,1
938,1,169,1
939,1,169,1
940,1,169,1
941,1,169,1
942,1,169,1
943,1,169,1
944,1,169,1
945,1,169,1
946,1,169,1
947,1,169,1
948,1,169,1
949,1,169,1
950,1,169,1
951,1,169,1
952,1,169,1
953,1,169,1
954,1,169,1
955,1,169,1
956,1,169,1
957,1,169,1
958,1,169,1
959,1,169,1
960,1,169,1
961,1,169,1
962,1,169,1
963,1,169,1
964,1,169,1
965,1,169,1
966,1,169,1
967,1,169,1
968,1,169,1
969,1,169,1
970,1,169,1
971,1,169,1
972,1,169,1
973,1,169,1
974,1,169,1
975,1,169,1
976,1,169,1
977,1,169,1
978,1,169,1
979,1,169,1
980,1,169,1
981,1,169,1
982,1,169,1
983,1,169,1
984,1,169,1
985,1,169,1
986,1,169,1
987,1,169,1
988,1,169,1
989,1,169,1
990,1,169,1
991,1,169,1
992,1,169,1
993,1,169,1
994,1,169,1
995,1,169,1
996,1,169,1
997,1,169,1
998,1,169,1
999,1,169,1
1000,1,169,1
1001,1,169,1
1002,1,169,1
1003,1,169,1
1004,1,169,1
1005,1,169,1
1006,1,169,1
1007,1,169,1
1008,1,169,1
1009,1,169,1
1010,1,169,1
1011,1,169,1
1012,1,169,1
1013,1,169,1
1014,1,169,1
1015,1,170,1
1016,1,170,1
1017,1,170,1
1018,1,170,1
1019,1,170,1
1020,1,170,1
1021,1,170,1
1022,1,170,1
1023,1,170,1
1024,1,170,1
1025,1,170,1
1026,1,170,1
1027,1,170,1
1028,1,170,1
1029,1,170,1
1030,1,170,1
1031,1,170,1
1032,1,170,1
1033,1,170,1
1034,1,170,1
1035,1,170,1
1036,1,170,1
1037,1,170,1
1038,1,170,1
1039,1,170,1
1040,1,170,1
1041,1,170,1
1042,1,170,1
1043,1,170,1
1044,1,170,1
1045,1,170,1
1046,1,170,1
1047,1,170,1
1048,1,170,1
1049,1,170,1
1050,1,170,1
1051,1,170,1
1052,1,170,1
1053,1,170,1
1054,1,170,1
1055,1,170,1
1056,1,170,1
1057,1,170,1
1058,1,170,1
1059,1,170,1
1060,1,170,1
1061,1,170,1
1062,1,170,1
1063,1,170,1
1064,1,170,1
1065,1,170,1
1066,1,170,1
1067,1,170,1
1068,1,170,1
1069,1,170,1
1070,1,170,1
1071,1,170,1
1072,1,170,1
1073,1,170,1
1074,1,170,1
1075,1,170,1
1076,1,170,1
1077,1,170,1
1078,1,170,1
1079,1,170,1
1080,1,170,1
1081,1,170,1
1082,1,170,1
1083,1,170,1
1084,1,170,1
1085,1,170,1
1086,1,170,1
1087,1,170,1
1088,1,170,1
1089,1,170,1
1090,1,170,1
1091,1,170,1
1092,1,170,1
1093,1,170,1
1094,1,170,1
1095,1,170,1
1096,1,170,1
1097,1,170,1
1098,1,170,1
1099,1,170,1
1100,1,170,1
1101,1,170,1
1102,1,170,1
1103,1,170,1
1104,1,170,1
1105,1,170,1
1106,1,170,1
1107,1,170,1
1108,1,170,1
1109,1,170,1
1110,1,170,1
1111,1,170,1
1112,1,170,1
1113,1,170,1
1114,1,170,1
1115,1,170,1
1116,1,170,1
1117,1,170,1
1118,1,170,1
1119,1,170,1
1120,1,170,1
1121,1,170,1
1122,1,170,1
1123,1,170,1
1124,1,170,1
1125,1,170,1
1126,1,170,1
1127,1,170,1
1128,1,170,1
1129,1,170,1
1130,1,170,1
1131,1,170,1
1132,1,170,1
1133,1,170,1
1134,1,170,1
1135,1,170,1
1136,1,170,1
1137,1,170,1
1138,1,170,1
1139,1,170,1
1140,1,170,1
1141,1,170,1
1142,1,170,1
1143,1,170,1
1144,1,170,1
1145,1,170,1
1146,1,170,1
1147,1,170,1
1148,1,170,1
1316,1,472,1
1317,1,473,1
1318,1,474,1
1319,1,475,1
1320,1,476,1
1321,1,477,1
1322,1,478,1
1323,1,479,1
1324,1,480,1
1336,1,492,1
1338,1,490,1
1339,1,491,1
1346,1,482,1
1347,1,481,1
1362,1,489,1
1363,1,488,1
1364,1,487,1
1366,1,486,1
1367,1,485,1
1372,1,483,1
1373,1,484,1
1377,1,169,1
1378,1,169,1
1379,1,169,1
1380,1,169,1
1381,1,169,1
1382,1,169,1
1383,1,169,1
1384,1,169,1
1385,1,169,1
1386,1,169,1
1387,1,169,1
1388,1,169,1
1389,1,169,1
1390,1,169,1
1391,1,169,1
1392,1,169,1
1393,1,169,1
1394,1,169,1
1395,1,169,1
1396,1,169,1
1397,1,169,1
1398,1,169,1
1399,1,169,1
1400,1,169,1
1401,1,169,1
1402,1,169,1
1403,1,169,1
1404,1,169,1
1405,1,169,1
1406,1,169,1
1407,1,169,1
1408,1,169,1
1409,1,169,1
1431,1,168,1
1432,1,168,1
1433,1,168,1
1434,1,168,1
1435,1,168,1
1436,1,168,1
1437,1,168,1
1438,1,166,1
1439,1,166,1
1440,1,166,1
1441,1,166,1
1442,1,166,1
1443,1,166,1
1444,1,166,1
1445,1,166,1
1446,1,166,1
1447,1,166,1
1448,1,166,1
1449,1,166,1
1450,1,166,1
1451,1,166,1
1452,1,166,1
1453,1,166,1
1454,1,166,1
1455,1,166,1
1456,1,166,1
1457,1,166,1
1458,1,166,1
1459,1,166,1
1460,1,166,1
1461,1,166,1
1462,1,166,1
1463,1,166,1
1464,1,166,1
1465,1,166,1
1466,1,166,1
1467,1,166,1
1468,1,166,1
1469,1,168,1
1470,1,168,1
1471,1,168,1
1472,1,166,1
1473,1,166,1
1474,1,166,1
1475,1,166,1
1476,1,166,1
1477,1,166,1
1478,1,166,1
1479,1,166,1
1480,1,166,1
1481,1,166,1
1537,2,2,553
1538,2,2,553
1539,2,2,553
1540,2,2,553
1541,2,2,553
1542,2,2,553
1543,2,2,553
1544,2,2,553
1545,2,2,553
1546,2,2,553
1547,2,2,553
1548,2,2,553
1549,2,2,553
1550,2,2,553
1551,2,2,553
1552,2,2,553
1553,2,2,553
1554,2,2,553
1555,2,2,553
1556,2,2,553
1557,2,2,553
1558,2,2,553
1559,2,2,553
1560,2,2,553
1561,2,2,553
1562,2,2,553
1563,2,2,553
1564,2,2,553
1565,2,2,553
1566,2,2,553
1567,2,168,553
1568,2,168,553
1569,2,168,553
1570,2,168,553
1571,2,168,553
1572,2,168,553
1573,2,168,553
1574,2,168,553
1575,2,168,553
1576,2,168,553
1577,2,168,553
1578,2,169,553
1579,2,169,553
1580,2,169,553
1581,2,169,553
1582,2,169,553
1583,2,169,553
1584,2,169,553
1585,2,169,553
1586,2,169,553
1587,2,169,553
1588,2,169,553
1589,2,169,553
1590,2,169,553
1591,2,167,553
1592,2,167,553
1593,2,167,553
1594,2,167,553
1595,2,2,553
1596,2,2,553
1597,2,2,553
1598,2,2,553
1599,2,2,553
1600,2,2,553
1601,2,2,553
1602,2,2,553
1603,2,2,553
1604,2,2,553
1605,2,2,553
1606,2,2,553
1607,2,2,553
1608,2,2,553
1609,2,2,553
1610,2,2,553
1611,2,2,553
1612,2,2,553
1613,2,2,553
1614,2,2,553
1615,2,2,553
1616,2,2,553
1617,2,2,553
1618,2,2,553
1619,2,2,553
1620,2,2,553
1621,2,2,553
1622,2,2,553
1623,2,2,553
1624,2,2,553
1625,2,2,553
1626,2,2,553
1627,2,2,553
1628,2,2,553
1629,2,2,553
1630,2,2,553
1631,2,2,553
1632,2,2,553
1633,2,2,553
1634,2,2,553
1635,2,2,553
1636,2,2,553
1637,2,2,553
1638,2,2,553
1639,2,2,553
1640,2,2,553
1641,2,2,553
1642,2,2,553
1643,2,169,553
1644,2,169,553
1645,2,169,553
1646,2,169,553
1647,2,169,553
1648,2,169,553
1649,2,169,553
1650,2,169,553
1651,2,169,553
1652,2,169,553
1653,2,169,553
1654,2,169,553
1655,2,169,553
1656,2,169,553
1657,2,169,553
1658,2,169,553
1659,2,169,553
1660,2,169,553
1661,2,169,553
1662,2,169,553
1663,2,169,553
1664,2,169,553
1665,2,169,553
1666,2,169,553
1667,2,169,553
1668,2,169,553
1669,2,169,553
1670,2,169,553
1671,2,169,553
1672,2,169,553
1673,2,169,553
1674,2,169,553
1675,2,169,553
1676,2,169,553
1677,2,169,553
1678,2,169,553
1679,2,169,553
1680,2,169,553
1681,2,169,553
1682,2,169,553
1683,2,169,553
1684,2,169,553
1685,2,169,553
1686,2,169,553
1687,2,169,553
1688,2,169,553
1689,2,169,553
1690,2,169,553
1691,2,169,553
1692,2,169,553
1693,2,169,553
1694,2,169,553
1695,2,169,553
1696,2,169,553
1697,2,169,553
1698,2,169,553
1699,2,169,553
1700,2,169,553
1701,2,169,553
1702,2,2,553
1703,2,2,553
1704,2,2,553
1705,2,168,553
1706,2,168,553
1707,2,168,553
1708,2,168,553
1709,2,168,553
1710,2,168,553
1711,2,168,553
1712,2,168,553
1713,2,166,553
1714,2,166,553
1715,2,169,553
1716,2,169,553
1717,2,169,553
1718,2,169,553
1719,2,168,553
1720,2,168,553
1721,2,168,553
1722,2,168,553
1723,2,168,553
1724,2,168,553
1725,2,168,553
1726,2,168,553
1727,2,168,553
1728,2,168,553
1729,2,168,553
1730,2,168,553
1731,2,168,553
1732,2,168,553
1733,2,168,553
1734,2,168,553
1735,2,168,553
1736,2,168,553
1737,2,168,553
1738,2,168,553
1739,2,168,553
1740,2,168,553
1741,2,168,553
1742,2,168,553
1743,2,169,553
1744,2,169,553
1745,2,169,553
1746,2,169,553
1747,2,169,553
1748,2,169,553
1749,2,169,553
1750,2,169,553
1751,2,169,553
1752,2,169,553
1753,2,169,553
1754,2,169,553
1755,2,168,553
1756,2,168,553
1757,2,168,553
1758,2,168,553
1759,2,168,553
1760,2,168,553
1761,2,168,553
1762,2,168,553
1763,2,168,553
1764,2,168,553
1765,2,168,553
1766,2,168,553
1767,2,168,553
1768,2,168,553
1769,2,168,553
1770,2,168,553
1771,2,168,553
1772,2,168,553
1773,2,168,553
1774,2,168,553
1775,2,168,553
1776,2,168,553
1777,2,168,553
1778,2,168,553
1779,2,168,553
1780,2,168,553
1781,2,168,553
1782,2,168,553
1783,2,168,553
1784,2,168,553
1785,2,168,553
1786,2,168,553
1787,2,168,553
1788,2,168,553
1789,2,168,553
1790,2,168,553
1791,2,166,553
1792,2,2,553
1793,2,2,553
1794,2,2,553
1795,2,2,553
1796,2,2,553
1797,2,2,553
1798,2,2,553
1799,2,2,553
1800,2,2,553
1801,2,2,553
1802,2,2,553
1803,2,2,553
1804,2,2,553
1805,2,2,553
1806,2,2,553
1807,2,168,553
1808,2,168,553
1809,2,168,553
1810,2,168,553
1811,2,168,553
1812,2,168,553
1813,2,168,553
1814,2,168,553
1815,2,168,553
1816,2,168,553
1817,2,168,553
1818,2,168,553
1819,2,169,553
1820,2,169,553
1821,2,169,553
1822,2,169,553
1823,2,2,553
1824,2,2,553
1825,2,2,553
1826,2,2,553
1827,2,2,553
1828,2,2,553
1829,2,2,553
1830,2,2,553
1831,2,2,553
1832,2,169,553
1833,2,169,553
1834,2,169,553
1835,2,169,553
1836,2,169,553
1837,2,2,553
1838,2,2,553
1839,2,2,553
1840,2,168,553
1841,2,168,553
1842,2,168,553
1843,2,168,553
1844,2,168,553
1845,2,168,553
1846,2,168,553
1847,2,168,553
1848,2,168,553
1849,2,168,553
1850,2,168,553
1851,2,168,553
1852,2,168,553
1853,2,168,553
1854,2,168,553
1855,2,168,553
1856,2,168,553
1857,2,168,553
1858,2,168,553
1859,2,168,553
1860,2,168,553
1861,2,168,553
1862,2,168,553
1863,2,168,553
1864,2,168,553
1865,2,168,553
1866,2,168,553
1867,2,168,553
1868,2,168,553
1869,2,168,553
1870,2,168,553
1871,2,168,553
1872,2,168,553
1873,2,168,553
1874,2,168,553
1875,2,168,553
1876,2,168,553
1877,2,168,553
1878,2,168,553
1879,2,168,553
1880,2,168,553
1881,2,168,553
1882,2,168,553
1883,2,168,553
1884,2,168,553
1885,2,168,553
1886,2,168,553
1887,2,168,553
1888,2,168,553
1889,2,168,553
1890,2,168,553
1891,2,168,553
1892,2,168,553
1893,2,168,553
1894,2,168,553
1895,2,168,553
1896,2,168,553
1897,2,168,553
1898,2,168,553
1899,2,168,553
1900,2,168,553
1901,2,168,553
1902,2,168,553
1903,2,168,553
1904,2,168,553
1905,2,168,553
1906,2,168,553
1907,2,168,553
1908,2,168,553
1909,2,168,553
1910,2,168,553
1911,2,168,553
1912,2,168,553
1913,2,168,553
1914,2,168,553
1915,2,168,553
1916,2,168,553
1917,2,168,553
1918,2,168,553
1919,2,168,553
1920,2,168,553
1921,2,168,553
1922,2,168,553
1923,2,168,553
1924,2,168,553
1925,2,168,553
1926,2,168,553
1927,2,168,553
1928,2,168,553
1929,2,168,553
1930,2,168,553
1931,2,168,553
1932,2,168,553
1933,2,168,553
1934,2,168,553
1935,2,168,553
1936,2,168,553
1937,2,168,553
1938,2,168,553
1939,2,168,553
1940,2,168,553
1941,2,168,553
1942,2,168,553
1943,2,168,553
1944,2,168,553
1945,2,168,553
1946,2,168,553
1947,2,168,553
1948,2,168,553
1949,2,168,553
1950,2,168,553
1951,2,168,553
1952,2,168,553
1953,2,168,553
1954,2,168,553
1955,2,168,553
1956,2,168,553
1957,2,168,553
1958,2,168,553
1959,2,168,553
1960,2,168,553
1961,2,168,553
1962,2,168,553
1963,2,168,553
1964,2,168,553
1965,2,168,553
1966,2,168,553
1967,2,168,553
1968,2,168,553
1969,2,168,553
1970,2,168,553
1971,2,168,553
1972,2,168,553
1973,2,168,553
1974,2,168,553
1975,2,168,553
1976,2,168,553
1977,2,168,553
1978,2,168,553
1979,2,168,553
1980,2,168,553
1981,2,168,553
1982,2,168,553
1983,2,168,553
1984,2,168,553
1985,2,168,553
1986,2,168,553
1987,2,168,553
1988,2,168,553
1989,2,168,553
1990,2,168,553
1991,2,168,553
1992,2,168,553
1993,2,168,553
1994,2,168,553
1995,2,168,553
1996,2,168,553
1997,2,168,553
1998,2,168,553
1999,2,168,553
2000,2,168,553
2001,2,168,553
2002,2,168,553
2003,2,168,553
2004,2,168,553
2005,2,168,553
2006,2,168,553
2007,2,168,553
2008,2,168,553
2009,2,168,553
2010,2,168,553
2011,2,168,553
2012,2,168,553
2013,2,168,553
2014,2,168,553
2015,2,168,553
2016,2,168,553
2017,2,168,553
2018,2,168,553
2019,2,168,553
2020,2,168,553
2021,2,168,553
2022,2,168,553
2023,2,168,553
2024,2,168,553
2025,2,168,553
2026,2,168,553
2027,2,168,553
2028,2,168,553
2029,2,168,553
2030,2,168,553
2031,2,168,553
2032,2,168,553
2033,2,168,553
2034,2,168,553
2035,2,168,553
2036,2,168,553
2037,2,168,553
2038,2,168,553
2039,2,168,553
2040,2,168,553
2041,2,168,553
2042,2,168,553
2043,2,168,553
2044,2,168,553
2045,2,168,553
2046,2,168,553
2047,2,168,553
2048,2,168,553
2049,2,168,553
2050,2,168,553
2051,2,168,553
2052,2,168,553
2053,2,168,553
2054,2,168,553
2055,2,168,553
2056,2,168,553
2057,2,168,553
2058,2,168,553
2059,2,168,553
2060,2,168,553
2061,2,168,553
2062,2,168,553
2063,2,168,553
2064,2,168,553
2065,2,168,553
2066,2,168,553
2067,2,168,553
2068,2,168,553
2069,2,168,553
2070,2,168,553
2071,2,168,553
2072,2,168,553
2073,2,168,553
2074,2,168,553
2075,2,168,553
2076,2,168,553
2077,2,168,553
2078,2,168,553
2079,2,168,553
2080,2,168,553
2081,2,168,553
2082,2,168,553
2083,2,168,553
2084,2,168,553
2085,2,168,553
2086,2,168,553
2087,2,168,553
2088,2,168,553
2089,2,168,553
2090,2,168,553
2091,2,168,553
2092,2,168,553
2093,2,168,553
2094,2,168,553
2095,2,168,553
2096,2,168,553
2097,2,168,553
2098,2,168,553
2099,2,168,553
2100,2,168,553
2101,2,168,553
2102,2,168,553
2103,2,168,553
2104,2,168,553
2105,2,168,553
2106,2,168,553
2107,2,168,553
2108,2,168,553
2109,2,168,553
2110,2,168,553
2111,2,168,553
2112,2,168,553
2113,2,168,553
2114,2,168,553
2115,2,168,553
2116,2,168,553
2117,2,168,553
2118,2,168,553
2119,2,168,553
2120,2,168,553
2121,2,168,553
2122,2,168,553
2123,2,168,553
2124,2,168,553
2125,2,168,553
2126,2,168,553
2127,2,168,553
2128,2,168,553
2129,2,171,553
2130,2,171,553
2131,2,171,553
2132,2,171,553
2133,2,171,553
2134,2,171,553
2135,2,171,553
2136,2,171,553
2137,2,171,553
2138,2,171,553
2139,2,171,553
2140,2,171,553
2141,2,171,553
2142,2,171,553
2143,2,171,553
2144,2,171,553
2145,2,171,553
2146,2,171,553
2147,2,171,553
2148,2,171,553
2149,2,171,553
2150,2,171,553
2151,2,171,553
2152,2,171,553
2153,2,171,553
2154,2,171,553
2155,2,171,553
2156,2,171,553
2157,2,171,553
2158,2,171,553
2159,2,171,553
2160,2,171,553
2161,2,171,553
2162,2,171,553
2163,2,171,553
2164,2,171,553
2165,2,171,553
2166,2,171,553
2167,2,171,553
2168,2,171,553
2169,2,171,553
2170,2,171,553
2171,2,2,553
2172,2,2,553
2173,2,2,553
2174,2,2,553
2175,2,2,553
2176,2,2,553
2177,2,2,553
2178,2,2,553
2179,2,2,553
2180,2,2,553
2181,2,2,553
2182,2,2,553
2183,2,2,553
2184,2,2,553
2185,2,2,553
2186,2,2,553
2187,2,2,553
2188,2,2,553
2189,2,2,553
2190,2,2,553
2191,2,2,553
2192,2,2,553
2193,2,2,553
2194,2,2,553
2195,2,2,553
2196,2,2,553
2197,2,2,553
2198,2,2,553
2199,2,2,553
2200,2,2,553
2201,2,2,553
2202,2,2,553
2203,2,2,553
2204,2,2,553
2205,2,2,553
2206,2,2,553
2207,2,2,553
2208,2,2,553
2209,2,2,553
2210,2,2,553
2211,2,2,553
2212,2,2,553
2213,2,2,553
2214,2,2,553
2215,2,2,553
2216,2,2,553
2217,2,2,553
2218,2,2,553
2219,2,2,553
2220,2,2,553
2221,2,2,553
2222,2,2,553
2223,2,2,553
2224,2,2,553
2225,2,2,553
2226,2,2,553
2227,2,2,553
2228,2,2,553
2229,2,2,553
2230,2,2,553
2231,2,2,553
2232,2,2,553
2233,2,2,553
2234,2,2,553
2235,2,2,553
2236,2,2,553
2237,2,2,553
2238,2,2,553
2239,2,2,553
2240,2,2,553
2241,2,2,553
2242,2,2,553
2243,2,2,553
2244,2,2,553
2245,2,2,553
2246,2,2,553
2247,2,2,553
2248,2,2,553
2249,2,2,553
2250,2,2,553
2251,2,2,553
2252,2,2,553
2253,2,2,553
2254,2,2,553
2255,2,2,553
2256,2,2,553
2257,2,2,553
2258,2,2,553
2259,2,2,553
2260,2,2,553
2261,2,2,553
2262,2,2,553
2263,2,2,553
2264,2,2,553
2265,2,2,553
2266,2,2,553
2267,2,2,553
2268,2,2,553
2269,2,2,553
2270,2,2,553
2271,2,2,553
2272,2,170,553
2273,2,170,553
2274,2,170,553
2275,2,170,553
2276,2,170,553
2277,2,170,553
2278,2,170,553
2279,2,170,553
2280,2,170,553
2281,2,170,553
2282,2,170,553
2283,2,170,553
2284,2,170,553
2285,2,170,553
2286,2,170,553
2287,2,170,553
2288,2,170,553
2289,2,170,553
2290,2,170,553
2291,2,170,553
2292,2,170,553
2293,2,170,553
2294,2,170,553
2295,2,170,553
2296,2,170,553
2297,2,170,553
2298,2,170,553
2299,2,172,553
2300,2,172,553
2301,2,172,553
2302,2,172,553
2303,2,172,553
2304,2,172,553
2305,3,172,3
2306,3,172,3
2307,3,172,3
2308,3,172,3
2309,3,172,3
2310,3,172,3
2311,3,172,3
2312,3,172,3
2313,3,172,3
2314,3,172,3
2315,3,172,3
2316,3,172,3
2317,3,172,3
2318,3,172,3
2319,3,172,3
2320,3,172,3
2321,3,172,3
2322,3,172,3
2323,3,172,3
2324,3,172,3
2325,3,172,3
2326,3,172,3
2327,3,172,3
2328,3,172,3
2329,3,172,3
2330,3,172,3
2331,3,172,3
2332,3,172,3
2400,3,170,3
7584,14,169,14
17698,72,169,72
17699,72,169,72
17700,72,169,72
17701,72,169,72
17702,72,169,72
17703,72,169,72
17704,72,169,72
17705,72,169,72
17706,72,169,72
17707,72,169,72
17708,72,169,72
17709,72,169,72
17710,72,169,72
17711,72,169,72
17712,72,169,72
17713,72,169,72
17714,72,169,72
17715,72,169,72
17716,72,169,72
17717,72,169,72
17718,72,169,72
17719,72,169,72
17720,72,169,72
17721,72,169,72
17722,72,169,72
17723,72,169,72
17724,72,169,72
17725,72,169,72
17726,72,169,72
17727,72,169,72
17728,72,169,72
17729,72,169,72
17730,72,169,72
17731,72,169,72
17732,72,169,72
17733,72,169,72
17734,72,169,72
17735,72,169,72
17736,72,169,72
17737,72,169,72
17738,72,169,72
17739,72,169,72
17740,72,169,72
17741,72,169,72
17742,72,169,72
17743,72,169,72
17744,72,169,72
17745,72,169,72
17746,72,169,72
17747,72,169,72
17748,72,169,72
17749,72,169,72
17750,72,169,72
17751,72,169,72
17752,72,169,72
17753,72,169,72
17754,72,169,72
17755,72,169,72
17756,72,169,72
17757,72,169,72
17758,72,169,72
17759,72,169,72
17760,72,169,72
17761,72,169,72
17762,72,169,72
17763,72,169,72
17764,72,169,72
17765,72,169,72
17766,72,169,72
17767,72,169,72
17768,72,169,72
17769,72,169,72
17770,72,169,72
17771,72,169,72
17772,72,169,72
17773,72,169,72
17774,72,169,72
17775,72,169,72
17776,72,169,72
17777,72,169,72
17778,72,169,72
17779,72,169,72
17780,72,169,72
17781,72,169,72
17782,72,169,72
17783,72,169,72
17784,72,169,72
17785,72,169,72
17786,72,169,72
17787,72,169,72
17788,72,169,72
17789,72,169,72
17790,72,169,72
17791,72,169,72
17792,72,169,72
17793,72,169,72
17794,72,169,72
17795,72,169,72
17796,72,169,72
17797,72,169,72
17798,72,169,72
17799,72,169,72
17800,72,169,72
17801,72,169,72
17802,72,169,72
17803,72,169,72
17804,72,169,72
17805,72,169,72
17806,72,169,72
17807,72,169,72
17808,72,169,72
17809,72,169,72
17810,72,169,72
17811,72,169,72
17812,72,169,72
17813,72,169,72
17814,72,169,72
17815,72,169,72
17816,72,169,72
17817,72,169,72
17818,72,169,72
17819,72,169,72
17820,72,169,72
17821,72,169,72
17822,72,169,72
17823,72,169,72
17824,72,169,72
17825,72,169,72
17826,72,169,72
17827,72,169,72
17828,72,169,72
17829,72,169,72
17830,72,169,72
17831,72,169,72
17832,72,169,72
17833,72,169,72
17834,72,169,72
17835,72,169,72
17836,72,169,72
17837,72,169,72
17838,72,169,72
17839,72,169,72
17840,72,169,72
17841,72,169,72
17842,72,169,72
17843,72,169,72
17844,72,169,72
17845,72,169,72
17846,72,169,72
17847,72,169,72
17848,72,169,72
17849,72,169,72
17850,72,169,72
17851,72,169,72
17852,72,169,72
17853,72,169,72
17854,72,169,72
17855,72,169,72
17856,72,169,72
17857,72,169,72
17858,72,169,72
17859,72,169,72
17860,72,169,72
17861,72,169,72
17862,72,169,72
17863,72,169,72
17864,72,169,72
17865,72,169,72
17866,72,169,72
17867,72,169,72
17868,72,169,72
17869,72,169,72
17870,72,169,72
17871,72,169,72
17872,72,169,72
17873,72,169,72
17874,72,169,72
17875,72,169,72
17876,72,169,72
17877,72,169,72
17878,72,169,72
17879,72,169,72
17880,72,169,72
17881,72,169,72
17882,72,169,72
17883,72,169,72
17884,72,169,72
17885,72,169,72
17886,72,169,72
17887,72,169,72
17888,72,169,72
17889,72,169,72
17890,72,169,72
17891,72,169,72
17892,72,169,72
17893,72,169,72
17894,72,169,72
17895,72,169,72
17896,72,169,72
17897,72,169,72
17898,72,169,72
17899,72,169,72
17900,72,169,72
17901,72,169,72
17902,72,170,72
17903,72,170,72
17904,72,170,72
17905,72,170,72
17906,72,170,72
17907,72,169,72
17908,72,169,72
17909,72,169,72
17910,72,169,72
17911,72,169,72
17912,72,169,72
17913,72,169,72
17914,72,169,72
17915,72,169,72
17916,72,169,72
17917,72,169,72
17918,72,169,72
17919,72,169,72
17920,72,169,72
17921,72,169,72
17922,72,169,72
17923,72,169,72
17924,72,169,72
17925,72,169,72
17926,72,169,72
17927,72,169,72
17928,72,169,72
17929,72,169,72
17930,72,169,72
17931,72,169,72
17932,72,169,72
17933,72,169,72
17934,72,169,72
17935,72,169,72
17936,72,169,72
17937,72,169,72
17938,72,169,72
17939,72,169,72
17940,72,169,72
17941,72,169,72
17942,72,169,72
17943,72,169,72
17944,72,169,72
17945,72,169,72
17946,72,169,72
17947,72,169,72
17948,72,169,72
17949,72,169,72
17950,72,169,72
17951,72,169,72
17952,72,169,72
17953,72,169,72
17954,72,169,72
17955,72,169,72
17956,72,169,72
17957,72,169,72
17958,72,169,72
17959,72,169,72
17960,72,169,72
17961,72,169,72
17962,72,169,72
17963,72,169,72
17964,72,169,72
17965,72,169,72
17966,72,169,72
17967,72,169,72
17968,72,169,72
17969,72,169,72
17970,72,169,72
17971,72,169,72
17972,72,175,72
17973,72,175,72
17974,72,175,72
17975,72,175,72
17976,72,175,72
17977,72,175,72
17978,72,175,72
17979,72,175,72
17980,72,175,72
17981,72,175,72
17982,72,175,72
17983,72,175,72
17984,72,175,72
17985,72,175,72
17986,72,175,72
17989,72,169,72
17990,72,169,72
17991,72,169,72
17992,72,169,72
17993,72,169,72
17994,72,169,72
17995,72,169,72
17996,72,169,72
17997,72,169,72
17998,72,169,72
17999,72,169,72
18000,72,169,72
18001,72,169,72
18002,72,169,72
18003,72,169,72
18004,72,169,72
18005,72,169,72
18006,72,169,72
18007,72,169,72
18008,72,169,72
18009,72,169,72
18010,72,169,72
18011,72,169,72
18012,72,169,72
18013,72,169,72
18014,72,169,72
18015,72,169,72
18016,72,169,72
18017,72,169,72
18018,72,169,72
18019,72,169,72
18020,72,169,72
18021,72,169,72
18022,72,169,72
18023,72,169,72
18024,72,169,72
18025,72,169,72
18026,72,169,72
18027,72,169,72
18028,72,169,72
18029,72,169,72
18030,72,169,72
18031,72,169,72
18032,72,169,72
18033,72,169,72
18034,72,169,72
18035,72,169,72
18036,72,169,72
18037,72,169,72
18038,72,169,72
18039,72,169,72
18040,72,169,72
18041,72,169,72
18042,72,169,72
18043,72,169,72
18044,72,169,72
18045,72,169,72
18046,72,169,72
18047,72,169,72
18048,72,169,72
18049,72,169,72
18050,72,169,72
18051,72,169,72
18052,72,169,72
18053,72,169,72
18054,72,169,72
18055,72,169,72
18056,72,169,72
18057,72,169,72
18058,72,169,72
18059,72,169,72
18060,72,169,72
18061,72,169,72
18062,72,169,72
18063,72,169,72
18064,72,169,72
18065,72,169,72
18066,72,169,72
18067,72,169,72
18068,72,169,72
18069,72,169,72
18070,72,169,72
18071,72,169,72
18072,72,169,72
18073,72,169,72
18074,72,169,72
18075,72,169,72
18076,72,169,72
18077,72,169,72
18078,72,169,72
18079,72,169,72
18080,72,169,72
18081,72,169,72
18082,72,169,72
18199,72,166,72
18200,72,166,72
18201,72,166,72
18202,72,166,72
18203,72,166,72
18204,72,166,72
18205,72,166,72
18206,72,166,72
18207,72,166,72
18208,72,166,72
18209,72,166,72
18210,72,166,72
18211,72,166,72
18212,72,166,72
18213,72,166,72
18214,72,166,72
18215,72,166,72
18216,72,166,72
18217,72,166,72
18218,72,166,72
18219,72,166,72
18220,72,166,72
18221,72,166,72
18222,72,166,72
18223,72,166,72
18224,72,166,72
18225,72,166,72
18226,72,166,72
18227,72,166,72
18228,72,166,72
18229,72,166,72
18230,72,166,72
18231,72,166,72
18232,72,166,72
18233,72,166,72
18234,72,166,72
18235,72,166,72
18236,72,166,72
18237,72,166,72
18238,72,166,72
18239,72,166,72
18240,72,166,72
18241,72,166,72
18242,72,166,72
18243,72,166,72
18244,72,166,72
18245,72,166,72
18246,72,166,72
18247,72,166,72
18248,72,166,72
18249,72,166,72
18250,72,166,72
18251,72,166,72
18252,72,166,72
18253,72,166,72
18254,72,166,72
18255,72,166,72
18256,72,166,72
18257,72,166,72
18258,72,166,72
18259,72,166,72
18260,72,166,72
18261,72,166,72
18262,72,166,72
18263,72,166,72
18264,72,166,72
18265,72,166,72
18266,72,166,72
18267,72,166,72
18268,72,166,72
18269,72,166,72
18270,72,166,72
18271,72,167,72
18272,72,167,72
18273,72,167,72
18274,72,167,72
18275,72,167,72
18276,72,167,72
18277,72,167,72
18278,72,167,72
18279,72,167,72
18280,72,167,72
18281,72,167,72
18282,72,167,72
18283,72,167,72
18284,72,167,72
18285,72,167,72
18286,72,167,72
18287,72,167,72
18288,72,167,72
18289,72,167,72
18290,72,167,72
18291,72,167,72
18292,72,167,72
18293,72,167,72
18294,72,167,72
18295,72,167,72
18296,72,167,72
18297,72,167,72
18298,72,167,72
18299,72,167,72
18300,72,167,72
18301,72,167,72
18302,72,167,72
18303,72,167,72
18304,72,167,72
18305,72,167,72
18306,72,167,72
18307,72,167,72
18308,72,167,72
18309,72,167,72
18310,72,167,72
18311,72,167,72
18312,72,167,72
18313,72,167,72
18314,72,167,72
18315,73,167,73
18316,73,167,73
18317,73,167,73
18318,73,167,73
18319,73,167,73
18320,73,167,73
18321,73,167,73
18322,73,167,73
18323,73,167,73
18324,73,167,73
18325,73,167,73
18326,73,167,73
18327,73,167,73
18328,73,167,73
18329,73,167,73
18330,73,167,73
18331,73,167,73
18332,73,167,73
18333,73,167,73
18334,73,167,73
18335,73,167,73
18336,73,167,73
18337,73,167,73
18338,73,167,73
18339,73,167,73
18340,73,167,73
18341,73,167,73
18342,73,169,73
18343,73,169,73
18344,73,169,73
18345,73,169,73
18346,73,169,73
18347,73,169,73
18348,73,169,73
18349,73,169,73
18350,73,169,73
18351,73,169,73
18352,73,169,73
18353,73,169,73
18354,73,169,73
18355,73,169,73
18356,73,169,73
18357,73,169,73
18358,73,169,73
18359,73,169,73
18360,73,169,73
18361,73,169,73
18362,73,169,73
18363,73,169,73
18364,73,169,73
18365,73,169,73
18366,73,169,73
18367,73,169,73
18368,73,169,73
18369,73,169,73
18370,73,169,73
18371,73,169,73
18372,73,169,73
18373,73,169,73
18374,73,169,73
18375,73,169,73
18376,73,169,73
18377,73,169,73
18378,73,169,73
18379,73,169,73
18380,73,169,73
18381,73,169,73
18382,73,169,73
18383,73,169,73
18384,73,169,73
18385,73,169,73
18386,73,169,73
18387,73,169,73
18388,73,169,73
18389,73,169,73
18390,73,169,73
18391,73,169,73
18392,73,169,73
18393,73,169,73
18394,73,169,73
18395,73,169,73
18396,73,169,73
18397,73,169,73
18398,73,169,73
18399,73,169,73
18400,73,169,73
18401,73,169,73
18402,73,169,73
18403,73,169,73
18404,73,169,73
18405,73,169,73
18406,73,169,73
18407,73,169,73
18408,73,169,73
18409,73,169,73
18410,73,169,73
18411,73,169,73
18412,73,169,73
18413,73,169,73
18414,73,169,73
18415,73,169,73
18416,73,169,73
18417,73,169,73
18418,73,169,73
18419,73,169,73
18420,73,169,73
18421,73,169,73
18422,73,169,73
18423,73,169,73
18436,73,168,73
18437,73,168,73
18438,73,168,73
18439,73,168,73
18440,73,168,73
18441,73,168,73
18442,73,168,73
18443,73,168,73
18444,73,168,73
18445,73,168,73
18446,73,168,73
18447,73,168,73
18448,73,168,73
18449,73,168,73
18450,73,168,73
18451,73,168,73
18452,73,168,73
18453,73,168,73
18454,73,168,73
18455,73,168,73
18456,73,168,73
18457,73,168,73
18458,73,168,73
18459,73,168,73
18460,73,168,73
18461,73,168,73
18462,73,168,73
18463,73,168,73
18464,73,168,73
18465,73,168,73
18466,73,168,73
18467,73,168,73
18468,73,168,73
18469,73,168,73
18470,73,168,73
18471,73,168,73
18472,73,168,73
18473,73,168,73
18474,73,168,73
18475,73,168,73
18476,73,168,73
18477,73,168,73
18478,73,168,73
18479,73,168,73
18480,73,168,73
18481,73,168,73
18482,73,168,73
18483,73,168,73
18484,73,168,73
18485,73,168,73
18486,73,168,73
18487,73,168,73
18488,73,168,73
18489,73,166,73
18490,73,169,73
18491,73,169,73
18492,73,169,73
18493,73,169,73
18494,73,169,73
18495,73,169,73
18496,73,169,73
18497,73,169,73
18498,73,169,73
18499,73,169,73
18500,73,169,73
18501,73,169,73
18502,73,169,73
18503,73,169,73
18504,73,169,73
18505,73,169,73
18506,73,169,73
18507,73,169,73
18508,73,169,73
18509,73,169,73
18510,73,169,73
18511,73,169,73
18512,73,169,73
18513,73,169,73
18514,73,169,73
18515,73,169,73
18516,73,169,73
18517,73,169,73
18518,73,169,73
18519,73,169,73
18520,73,169,73
18521,73,169,73
18522,73,169,73
18523,73,169,73
18524,73,169,73
18525,73,169,73
18526,73,169,73
18527,73,169,73
18528,73,169,73
18529,73,169,73
18530,73,169,73
18531,73,169,73
18532,73,169,73
18533,73,169,73
18534,73,169,73
18535,73,169,73
18536,73,169,73
18537,73,169,73
18538,73,169,73
18539,73,169,73
18540,73,169,73
18541,73,169,73
18542,73,169,73
18543,73,169,73
18544,73,169,73
18545,73,169,73
18546,73,169,73
18547,73,169,73
18548,73,169,73
18549,73,169,73
18550,73,169,73
18551,73,169,73
18552,73,169,73
18553,73,169,73
18554,73,169,73
18555,73,169,73
18556,73,169,73
18557,73,169,73
18558,73,169,73
18559,73,169,73
18560,73,169,73
18561,73,169,73
18562,73,169,73
18563,73,169,73
18564,73,169,73
18565,73,169,73
18675,73,168,73
18676,73,168,73
18677,73,168,73
18678,73,168,73
18679,73,168,73
18680,73,168,73
18681,73,168,73
18682,73,168,73
18683,73,168,73
18684,73,168,73
18685,73,168,73
18686,73,168,73
18687,73,168,73
18688,73,168,73
18689,73,168,73
18690,73,168,73
18691,73,168,73
18692,73,168,73
18693,73,168,73
18694,73,168,73
18695,73,168,73
18696,73,168,73
18697,73,168,73
18698,73,168,73
18699,73,168,73
18700,73,168,73
18701,73,168,73
18702,73,168,73
18703,73,168,73
18704,73,168,73
18705,73,168,73
18706,73,168,73
18707,73,168,73
18708,73,168,73
18709,73,168,73
18710,73,168,73
18711,73,168,73
18712,73,168,73
18713,73,168,73
18714,73,168,73
18715,73,168,73
18716,73,168,73
18717,73,168,73
18718,73,168,73
18719,73,168,73
18720,73,168,73
18721,73,168,73
18722,73,168,73
18723,73,168,73
18724,73,168,73
18725,73,168,73
18726,73,168,73
18727,73,168,73
18728,73,168,73
18729,73,168,73
18730,73,168,73
18731,73,168,73
18732,73,168,73
18733,73,169,73
18734,73,169,73
18735,73,169,73
18736,73,169,73
18737,73,168,73
18738,73,168,73
18739,73,168,73
18740,73,168,73
18741,73,168,73
18742,73,168,73
18743,73,168,73
18744,73,168,73
18745,73,168,73
18746,73,168,73
18747,73,168,73
18748,73,168,73
18749,73,168,73
18750,73,168,73
18751,73,168,73
18752,73,168,73
18753,73,168,73
18754,73,168,73
18755,73,168,73
18756,73,168,73
18757,73,168,73
18758,73,168,73
18759,73,168,73
18760,73,168,73
18761,73,168,73
18762,73,168,73
18763,73,168,73
18764,73,168,73
18765,73,168,73
18766,73,168,73
18767,73,168,73
18768,73,168,73
18769,73,168,73
18770,73,168,73
18771,73,168,73
18772,73,168,73
18773,73,168,73
18774,73,168,73
18775,73,168,73
18776,73,168,73
18777,73,168,73
18778,73,168,73
18779,73,168,73
18780,73,168,73
18781,73,168,73
18782,73,168,73
18783,73,168,73
18784,73,168,73
18785,73,168,73
18786,73,168,73
18787,73,168,73
18788,73,168,73
18789,73,168,73
18790,73,168,73
18791,73,168,73
18792,73,168,73
18793,73,168,73
18794,73,168,73
18795,73,168,73
18796,73,168,73
18797,73,168,73
18798,73,168,73
18799,73,168,73
18800,73,168,73
18801,73,168,73
18802,73,168,73
18803,73,168,73
18804,73,168,73
18805,73,168,73
18806,73,168,73
18807,73,168,73
18808,73,168,73
18809,73,168,73
18810,73,168,73
18811,73,168,73
18812,73,168,73
18813,73,168,73
18814,73,168,73
18815,73,168,73
18816,73,168,73
18817,73,168,73
18818,73,168,73
18819,73,168,73
18820,73,168,73
18821,73,168,73
18822,73,168,73
18823,73,168,73
18824,73,168,73
18825,73,168,73
18826,73,168,73
18827,73,168,73
18828,73,168,73
18829,73,168,73
18830,73,168,73
18831,73,168,73
18832,73,168,73
18833,73,168,73
18834,73,168,73
18835,73,168,73
18836,73,168,73
18837,73,168,73
18838,73,168,73
18839,73,168,73
18840,73,168,73
18841,73,168,73
18842,73,168,73
18843,73,168,73
18844,73,168,73
18845,73,168,73
18846,73,168,73
18847,73,168,73
18848,73,168,73
18849,73,168,73
18850,73,168,73
18851,73,168,73
18852,73,168,73
18853,73,168,73
18854,73,168,73
18855,73,168,73
18856,73,168,73
18857,73,168,73
18858,73,168,73
18859,73,168,73
18860,73,168,73
18861,73,168,73
18862,73,168,73
18863,73,168,73
18864,73,168,73
18865,73,168,73
18866,73,168,73
18867,73,168,73
18868,73,168,73
18869,73,168,73
18870,73,168,73
18871,73,168,73
18872,73,168,73
18873,73,168,73
18874,73,168,73
18875,73,168,73
18876,73,168,73
18877,73,168,73
18878,73,168,73
18879,73,168,73
18880,73,168,73
18881,73,168,73
18882,73,168,73
18883,73,168,73
18884,73,168,73
18885,73,168,73
18886,73,168,73
18887,73,168,73
18888,73,168,73
18889,73,168,73
18890,73,168,73
18891,73,168,73
18892,73,168,73
18893,73,168,73
18894,73,168,73
18895,73,168,73
18896,73,168,73
18897,73,168,73
18898,73,168,73
18899,73,168,73
18900,73,168,73
18901,73,168,73
18902,73,168,73
18903,73,168,73
18904,73,168,73
18905,73,168,73
18906,73,168,73
18907,73,168,73
18908,73,168,73
18909,73,168,73
18910,73,168,73
18911,73,168,73
18912,73,168,73
18913,73,168,73
18914,73,168,73
18915,73,168,73
18916,73,168,73
18917,73,168,73
18918,73,168,73
18919,73,168,73
18920,73,168,73
18921,73,168,73
18922,73,168,73
18923,73,168,73
18924,73,168,73
18925,73,168,73
18926,73,168,73
18927,73,168,73
18928,73,168,73
18929,73,168,73
18930,73,168,73
18931,73,168,73
18932,73,168,73
18933,73,168,73
18934,73,168,73
18935,73,168,73
18936,73,168,73
18937,73,168,73
18938,73,168,73
18939,73,168,73
18940,73,168,73
18941,73,168,73
18942,73,168,73
18943,73,168,73
18944,73,168,73
18945,73,168,73
18946,73,168,73
18947,73,168,73
18948,73,168,73
18949,73,168,73
18950,73,168,73
18951,73,168,73
18952,73,168,73
18953,73,168,73
18954,73,168,73
18955,73,168,73
18956,73,168,73
18957,73,168,73
18958,73,168,73
18959,73,168,73
18960,73,168,73
18961,73,168,73
18962,73,168,73
18963,73,168,73
18964,73,168,73
18965,73,168,73
18966,73,168,73
18967,73,168,73
18968,73,168,73
18969,73,168,73
18970,73,168,73
18971,73,168,73
18972,73,168,73
18973,73,168,73
18974,73,168,73
18975,73,168,73
18976,73,168,73
18977,73,168,73
18978,73,168,73
18979,73,168,73
18980,73,168,73
18981,73,168,73
18982,73,168,73
18983,73,168,73
18984,73,168,73
18985,73,168,73
18986,73,168,73
18987,73,168,73
18988,73,168,73
18989,73,168,73
18990,73,168,73
18991,73,168,73
18992,73,168,73
18993,73,168,73
18994,73,168,73
18995,73,168,73
18996,73,168,73
18997,73,168,73
18998,73,168,73
18999,73,168,73
19000,73,168,73
19001,73,168,73
19002,73,168,73
19003,73,168,73
19004,73,168,73
19005,73,168,73
19006,73,168,73
19007,73,168,73
19008,73,168,73
19009,73,168,73
19010,73,168,73
19011,73,168,73
19012,73,168,73
19013,73,168,73
19014,73,168,73
19015,73,168,73
19016,73,168,73
19017,73,168,73
19018,73,168,73
19019,73,168,73
19020,73,168,73
19021,73,168,73
19022,73,168,73
19023,73,168,73
19024,73,168,73
19025,73,168,73
19026,73,168,73
19027,73,168,73
19028,73,168,73
19029,73,168,73
19030,73,168,73
19031,73,168,73
19032,73,168,73
19033,73,168,73
19034,73,168,73
19035,73,168,73
19036,73,168,73
19037,73,168,73
19038,73,168,73
19039,73,168,73
19040,73,168,73
19041,73,168,73
19042,73,168,73
19043,73,168,73
19044,73,168,73
19045,73,168,73
19046,73,168,73
19047,73,168,73
19048,73,168,73
19049,73,168,73
19050,73,168,73
19051,73,168,73
19052,73,168,73
19053,73,168,73
19054,73,168,73
19055,73,168,73
19056,73,168,73
19057,73,168,73
19058,73,168,73
19059,73,168,73
19060,73,168,73
19061,73,168,73
19062,73,168,73
19063,73,168,73
19064,73,168,73
19065,73,168,73
19066,73,168,73
19067,73,168,73
19068,73,168,73
19069,73,168,73
19070,73,168,73
19071,73,168,73
19072,73,168,73
19073,73,168,73
19074,73,168,73
19075,73,168,73
19076,74,168,74
19077,74,168,74
19078,74,168,74
19079,74,168,74
19080,74,168,74
19081,74,168,74
19082,74,168,74
19083,74,168,74
19084,74,168,74
19085,74,168,74
19086,74,168,74
19087,74,168,74
19088,74,168,74
19089,74,168,74
19090,74,168,74
19091,74,168,74
19092,74,168,74
19093,74,168,74
19094,74,168,74
19095,74,168,74
19096,74,168,74
19097,74,168,74
19098,74,168,74
19099,74,168,74
19100,74,168,74
19101,74,168,74
19102,74,168,74
19103,74,168,74
19104,74,168,74
19105,74,168,74
19106,74,168,74
19107,74,168,74
19108,74,168,74
19109,74,168,74
19110,74,168,74
19111,74,168,74
19112,74,168,74
19113,74,168,74
19114,74,168,74
19115,74,168,74
19116,74,168,74
19117,74,168,74
19118,74,168,74
19119,74,168,74
19120,74,168,74
19121,74,168,74
19122,74,168,74
19123,74,168,74
19124,74,168,74
19125,74,168,74
19126,74,168,74
19127,74,168,74
19128,74,168,74
19129,74,168,74
19130,74,168,74
19131,74,168,74
19132,74,168,74
19133,74,168,74
19134,74,168,74
19135,74,168,74
19136,74,168,74
19137,74,168,74
19138,74,168,74
19139,74,168,74
19140,74,168,74
19141,74,168,74
19142,74,168,74
19143,74,168,74
19144,74,168,74
19145,74,168,74
19146,74,168,74
19147,74,168,74
19148,74,168,74
19149,74,168,74
19150,74,168,74
19151,74,168,74
19152,74,168,74
19153,74,168,74
19154,74,168,74
19155,74,168,74
19156,74,168,74
19157,74,168,74
19158,74,168,74
19159,74,168,74
19160,74,168,74
19161,74,168,74
19162,74,168,74
19163,74,168,74
19164,74,168,74
19165,74,168,74
19166,74,168,74
19167,74,168,74
19168,74,168,74
19169,74,168,74
19170,74,168,74
19171,74,168,74
19172,74,168,74
19173,74,168,74
19174,74,168,74
19175,74,168,74
19176,74,168,74
19177,74,168,74
19178,74,168,74
19179,74,168,74
19180,74,168,74
19181,74,168,74
19182,74,168,74
19183,74,168,74
19184,74,168,74
19185,74,168,74
19186,74,168,74
19187,74,168,74
19188,74,168,74
19189,74,168,74
19190,74,168,74
19191,74,168,74
19192,74,168,74
19193,74,168,74
19194,74,168,74
19195,74,168,74
19196,74,168,74
19197,74,168,74
19198,74,168,74
19199,74,168,74
19200,74,168,74
19201,74,168,74
19202,74,168,74
19203,74,168,74
19204,74,168,74
19205,74,168,74
19206,74,168,74
19207,74,168,74
19208,74,168,74
19209,74,168,74
19210,74,168,74
19211,74,168,74
19212,74,168,74
19213,74,168,74
19214,74,168,74
19215,74,168,74
19216,74,168,74
19217,74,168,74
19218,74,168,74
19219,74,168,74
19220,74,168,74
19221,74,168,74
19222,74,168,74
19223,74,168,74
19224,74,168,74
19225,74,168,74
19226,74,168,74
19227,74,168,74
19228,74,168,74
19229,74,168,74
19230,74,168,74
19231,74,168,74
19232,74,168,74
19233,74,168,74
19234,74,168,74
19235,74,168,74
19236,74,168,74
19237,74,168,74
19238,74,168,74
19239,74,168,74
19240,74,168,74
19241,74,168,74
19242,74,168,74
19243,74,168,74
19244,74,168,74
19245,74,168,74
19246,74,168,74
19247,74,168,74
19248,74,168,74
19249,74,168,74
19250,74,168,74
19251,74,168,74
19252,74,168,74
19253,74,168,74
19254,74,168,74
19255,74,168,74
19256,74,168,74
19257,74,168,74
19258,74,168,74
19259,74,168,74
19260,74,168,74
19261,74,168,74
19262,74,168,74
19263,74,168,74
19264,74,168,74
19265,74,168,74
19266,74,168,74
19267,74,168,74
19268,74,168,74
19269,74,168,74
19270,74,168,74
19271,74,168,74
19272,74,168,74
19273,74,168,74
19274,74,168,74
19275,74,168,74
19276,74,168,74
19277,74,168,74
19278,74,168,74
19279,74,168,74
19280,74,168,74
19281,74,168,74
19282,74,168,74
19283,74,168,74
19284,74,168,74
19285,74,168,74
19286,74,168,74
19287,74,168,74
19288,74,168,74
19289,74,168,74
19290,74,168,74
19291,74,168,74
19292,74,168,74
19293,74,168,74
19294,74,168,74
19295,74,168,74
19296,74,168,74
19297,74,168,74
19298,74,168,74
19299,74,168,74
19300,74,168,74
19301,74,168,74
19302,74,168,74
19303,74,168,74
19304,74,168,74
19305,74,168,74
19306,74,168,74
19307,74,168,74
19308,74,168,74
19309,74,168,74
19310,74,168,74
19311,74,168,74
19312,74,168,74
19313,74,168,74
19314,74,168,74
19315,74,168,74
19316,74,168,74
19317,74,168,74
19318,74,168,74
19319,74,168,74
19320,74,168,74
19321,74,168,74
19322,74,168,74
19323,74,168,74
19324,74,168,74
19325,74,168,74
19326,74,168,74
19327,74,168,74
19328,74,168,74
19329,74,168,74
19330,74,168,74
19331,74,168,74
19332,74,168,74
19333,74,168,74
19334,74,168,74
19335,74,168,74
19336,74,168,74
19337,74,168,74
19338,74,168,74
19339,74,168,74
19340,74,168,74
19341,74,168,74
19342,74,168,74
19343,74,168,74
19344,74,168,74
19345,74,168,74
19346,74,168,74
19347,74,168,74
19348,74,168,74
19349,74,168,74
19350,74,168,74
19351,74,168,74
19352,74,168,74
19353,74,168,74
19354,74,168,74
19355,74,168,74
19356,74,168,74
19357,74,168,74
19358,74,168,74
19359,74,168,74
19360,74,168,74
19361,74,168,74
19362,74,168,74
19363,74,168,74
19364,74,168,74
19365,74,168,74
19366,74,168,74
19367,74,168,74
19368,74,168,74
19369,74,168,74
19370,74,168,74
19371,74,168,74
19372,74,168,74
19373,74,168,74
19374,74,168,74
19375,74,168,74
19376,74,168,74
19377,74,168,74
19378,74,168,74
19379,74,168,74
19380,74,168,74
19381,74,168,74
19382,74,168,74
19383,74,168,74
19384,74,168,74
19385,74,168,74
19386,74,168,74
19387,74,168,74
19388,74,168,74
19389,74,168,74
19390,74,168,74
19391,74,168,74
19392,74,168,74
19393,74,168,74
19394,74,168,74
19395,74,168,74
19396,74,168,74
19397,74,168,74
19398,74,168,74
19399,74,168,74
19400,74,168,74
19401,74,173,74
19402,74,173,74
19403,74,173,74
19404,74,173,74
19405,74,173,74
19406,74,173,74
19407,74,173,74
19408,74,173,74
19409,74,173,74
19410,74,173,74
19411,74,173,74
19412,74,173,74
19413,74,173,74
19414,74,173,74
19415,74,173,74
19416,74,173,74
19417,74,173,74
19418,74,173,74
19419,74,173,74
19420,74,173,74
19421,74,173,74
19422,74,173,74
19423,74,173,74
19424,74,173,74
19425,74,173,74
19426,74,173,74
19427,74,173,74
19428,74,173,74
19429,74,173,74
19430,74,173,74
19431,74,173,74
19432,74,173,74
19433,74,173,74
19434,74,173,74
19435,74,173,74
19436,74,173,74
19437,74,173,74
19438,74,173,74
19439,74,173,74
19440,74,173,74
19441,74,173,74
19442,74,173,74
19443,74,173,74
19444,74,173,74
19445,74,173,74
19446,74,173,74
19447,74,173,74
19448,74,173,74
19449,74,173,74
19450,74,173,74
19451,74,173,74
19452,74,173,74
19453,74,173,74
19454,74,173,74
19455,74,173,74
19456,74,173,74
19457,74,173,74
19458,74,173,74
19459,74,173,74
19460,74,171,74
19461,74,171,74
19462,74,171,74
19463,74,171,74
19464,74,171,74
19465,74,171,74
19466,74,171,74
19467,74,171,74
19468,74,171,74
19469,74,171,74
19470,74,171,74
19471,74,171,74
19472,74,171,74
19473,74,171,74
19474,74,171,74
19475,74,171,74
19476,74,171,74
19477,74,171,74
19478,74,171,74
19479,74,171,74
19480,74,171,74
19481,74,171,74
19482,74,171,74
19483,74,171,74
19484,74,171,74
19485,74,171,74
19486,74,171,74
19487,74,171,74
19488,74,171,74
19489,74,171,74
19490,74,171,74
19491,74,171,74
19492,74,171,74
19493,74,171,74
19494,74,171,74
19495,74,171,74
19496,74,171,74
19497,74,171,74
19498,74,171,74
19499,74,171,74
19500,74,171,74
19501,74,171,74
19502,74,171,74
19503,74,171,74
19504,74,171,74
19505,74,171,74
19506,74,171,74
19507,74,171,74
19508,74,171,74
19509,74,171,74
19510,74,171,74
19511,74,171,74
19512,74,171,74
19513,74,171,74
19514,74,171,74
19515,74,171,74
19516,74,171,74
19517,74,171,74
19518,74,171,74
19519,74,171,74
19520,74,171,74
19521,74,171,74
19522,74,171,74
19523,74,171,74
19524,74,171,74
19525,74,171,74
19526,74,171,74
19527,74,171,74
19528,74,171,74
19529,74,171,74
19530,74,171,74
19531,74,171,74
19532,74,166,74
19533,74,171,74
19534,74,168,74
19535,74,168,74
19536,74,168,74
19537,74,168,74
19538,74,168,74
19539,74,168,74
19540,74,168,74
19541,74,168,74
19542,74,168,74
19543,74,168,74
19544,74,168,74
19545,74,168,74
19546,74,168,74
19547,74,168,74
19548,74,168,74
19549,74,168,74
19550,74,170,74
19551,74,170,74
19552,74,170,74
19553,74,170,74
19554,74,170,74
19555,74,170,74
19556,74,170,74
19557,74,170,74
19558,74,170,74
19559,74,170,74
19560,74,170,74
19561,74,170,74
19562,74,170,74
19563,74,170,74
19564,74,170,74
19565,74,170,74
19568,74,172,74
19569,74,172,74
19570,74,172,74
19571,74,172,74
19572,74,172,74
19573,74,172,74
19574,74,172,74
19575,74,172,74
19576,74,172,74
19577,74,172,74
19578,74,172,74
19579,74,172,74
19580,74,172,74
19581,74,172,74
19582,74,172,74
19583,74,172,74
19584,74,172,74
19585,74,172,74
19586,74,172,74
19587,74,172,74
19588,74,172,74
19589,74,172,74
19590,74,172,74
19591,74,172,74
19592,74,172,74
19593,74,172,74
19594,74,172,74
19595,74,172,74
19596,74,172,74
19597,74,172,74
19598,74,172,74
19599,74,172,74
19600,74,172,74
19601,74,172,74
19602,74,172,74
19603,74,172,74
19604,74,172,74
19605,74,172,74
19606,74,172,74
19607,74,172,74
19608,74,172,74
19609,74,172,74
19610,74,172,74
19611,74,172,74
19612,74,172,74
19613,74,172,74
19614,74,172,74
19615,74,172,74
19616,74,172,74
19617,74,172,74
19618,74,172,74
19619,74,172,74
19620,74,172,74
19621,74,172,74
19622,74,172,74
19623,74,172,74
19624,74,172,74
19625,74,172,74
19626,74,172,74
19627,74,172,74
19628,74,172,74
19629,74,172,74
19630,74,172,74
19631,74,172,74
19632,74,172,74
19633,74,172,74
19634,74,172,74
19635,74,172,74
19636,74,172,74
19637,74,172,74
19638,74,172,74
19639,74,172,74
19640,74,172,74
19641,74,172,74
19728,74,168,74
24125,99,99,100
24126,99,99,100
