kind,classic_tile_id,exact_nexus_tile_ids
ground,21,7883
ground,177,7542
ground,199,7541
ground,601,3038
ground,602,3039
ground,603,3040
ground,604,3041
ground,605,3042
ground,606,3043
ground,607,3044
ground,782,3398
ground,785,3408
ground,876,18083
ground,905,8051
ground,1128,8047;8049
ground,1576,8052
ground,1586,8046;8048
ground,1591,7545
ground,1592,7546
ground,1593,7547
ground,1594,7548
ground,1670,7536
ground,1671,7535
ground,2127,8053
ground,7584,7883
ground,18241,19760
ground,18487,35256
ground,18700,18600
ground,19502,19760
ground,19610,19760
