monster_id,baram_dat,baram_epf,baram_frame_start,baram_frame_count,nexus_dat_at_start,nexus_local_frame,nexus_frame_start,nexus_frame_count,animation_layout_same,baram_palette,nexus_identical_palette,new_nexus_frame_start
0,cmon0.dat,cmon0.epf,0,25,mon0.dat,0,0,25,false,0,0,0
1,cmon0.dat,cmon1.epf,25,25,mon0.dat,25,25,25,true,0,0,25
2,cmon1.dat,cmon2.epf,50,12,mon0.dat,50,50,1,false,0,0,50
3,cmon2.dat,cmon3.epf,62,12,mon0.dat,51,51,1,false,0,0,62
4,cmon3.dat,cmon4.epf,74,12,mon0.dat,52,52,1,false,0,0,74
5,cmon5.dat,cmon5.epf,86,12,mon0.dat,53,53,1,false,0,0,86
6,cmon6.dat,cmon6.epf,98,12,mon0.dat,54,54,1,false,0,0,98
7,cmon6.dat,cmon7.epf,110,12,mon0.dat,55,55,1,false,0,0,110
8,cmon6.dat,cmon8.epf,122,12,mon0.dat,56,56,1,false,0,0,122
9,cmon6.dat,cmon9.epf,134,12,mon0.dat,57,57,1,false,0,0,134
10,cmon0.dat,cmon10.epf,146,12,mon0.dat,58,58,1,false,0,0,146
11,cmon0.dat,cmon11.epf,158,12,mon0.dat,59,59,1,false,0,0,158
12,cmon0.dat,cmon12.epf,170,12,mon0.dat,60,60,1,false,0,0,170
13,cmon0.dat,cmon13.epf,182,12,mon0.dat,61,61,1,false,0,0,182
14,cmon0.dat,cmon14.epf,194,20,mon0.dat,62,62,12,false,0,0,194
15,cmon0.dat,cmon15.epf,214,12,mon0.dat,74,74,1,false,0,0,214
16,cmon0.dat,cmon16.epf,226,12,mon0.dat,75,75,1,false,0,0,226
17,cmon0.dat,cmon17.epf,238,21,mon0.dat,76,76,21,true,0,0,238
18,cmon0.dat,cmon18.epf,259,21,mon0.dat,97,97,21,true,0,0,259
19,cmon1.dat,cmon19.epf,280,21,mon0.dat,118,118,21,true,0,0,280
20,cmon1.dat,cmon20.epf,301,21,mon0.dat,139,139,21,true,0,0,301
21,cmon1.dat,cmon21.epf,322,25,mon0.dat,160,160,25,false,0,0,322
22,cmon1.dat,cmon22.epf,347,21,mon0.dat,185,185,25,false,0,0,347
23,cmon1.dat,cmon23.epf,368,21,mon0.dat,210,210,21,true,0,0,368
24,cmon1.dat,cmon24.epf,389,25,mon0.dat,231,231,24,false,0,0,389
25,cmon1.dat,cmon25.epf,414,17,mon0.dat,255,255,17,true,0,0,414
26,cmon1.dat,cmon26.epf,431,25,mon0.dat,272,272,21,false,0,0,431
27,cmon1.dat,cmon27.epf,456,21,mon0.dat,293,293,21,false,0,0,456
28,cmon1.dat,cmon28.epf,477,21,mon0.dat,314,314,21,true,0,0,477
29,cmon2.dat,cmon29.epf,498,21,mon0.dat,335,335,21,true,0,0,498
30,cmon2.dat,cmon30.epf,519,25,mon1.dat,0,356,25,true,0,0,519
31,cmon2.dat,cmon31.epf,544,25,mon1.dat,25,381,25,true,0,0,544
32,cmon2.dat,cmon32.epf,569,21,mon1.dat,50,406,21,true,0,0,569
33,cmon2.dat,cmon33.epf,590,25,mon1.dat,71,427,21,false,0,0,590
34,cmon2.dat,cmon34.epf,615,21,mon1.dat,92,448,25,false,0,0,615
35,cmon2.dat,cmon35.epf,636,5,mon1.dat,117,473,4,false,0,0,636
36,cmon3.dat,cmon36.epf,641,25,mon1.dat,121,477,25,true,0,0,641
37,cmon3.dat,cmon37.epf,666,25,mon1.dat,146,502,25,true,0,0,666
38,cmon3.dat,cmon38.epf,691,12,mon1.dat,171,527,1,false,0,0,691
39,cmon3.dat,cmon39.epf,703,12,mon1.dat,172,528,1,false,0,0,703
40,cmon3.dat,cmon40.epf,715,12,mon1.dat,173,529,1,false,0,0,715
41,cmon3.dat,cmon41.epf,727,12,mon1.dat,174,530,1,false,0,0,727
42,cmon4.dat,cmon42.epf,739,12,mon1.dat,175,531,1,false,0,0,739
43,cmon4.dat,cmon43.epf,751,12,mon1.dat,176,532,1,false,0,0,751
44,cmon4.dat,cmon44.epf,763,12,mon1.dat,177,533,1,false,0,0,763
45,cmon4.dat,cmon45.epf,775,4,mon1.dat,178,534,4,false,0,0,775
46,cmon4.dat,cmon46.epf,779,4,mon1.dat,182,538,4,false,0,0,779
47,cmon4.dat,cmon47.epf,783,12,mon1.dat,186,542,4,false,0,0,783
48,cmon5.dat,cmon48.epf,795,12,mon1.dat,190,546,1,false,0,0,795
49,cmon5.dat,cmon49.epf,807,12,mon1.dat,191,547,1,false,0,0,807
50,cmon5.dat,cmon50.epf,819,5,mon1.dat,192,548,5,false,0,0,819
51,cmon5.dat,cmon51.epf,824,12,mon1.dat,197,553,1,false,0,0,824
52,cmon5.dat,cmon52.epf,836,12,mon1.dat,198,554,4,false,0,0,836
53,cmon5.dat,cmon53.epf,848,12,mon1.dat,202,558,1,false,0,0,848
54,cmon6.dat,cmon54.epf,860,12,mon1.dat,203,559,1,false,0,0,860
55,cmon6.dat,cmon55.epf,872,12,mon1.dat,204,560,1,false,0,0,872
56,cmon6.dat,cmon56.epf,884,12,mon1.dat,205,561,4,false,0,0,884
57,cmon6.dat,cmon57.epf,896,12,mon1.dat,209,565,1,false,0,0,896
58,cmon6.dat,cmon58.epf,908,12,mon1.dat,210,566,12,false,0,0,908
59,cmon6.dat,cmon59.epf,920,20,mon1.dat,222,578,1,false,0,0,920
60,cmon6.dat,cmon60.epf,940,12,mon2.dat,0,579,1,false,0,0,940
61,cmon6.dat,cmon61.epf,952,12,mon2.dat,1,580,1,false,0,0,952
62,cmon6.dat,cmon62.epf,964,12,mon2.dat,2,581,4,false,0,0,964
63,cmon6.dat,cmon63.epf,976,25,mon2.dat,6,585,1,false,0,0,976
64,cmon6.dat,cmon64.epf,1001,25,mon2.dat,7,586,1,false,0,0,1001
65,cmon6.dat,cmon65.epf,1026,25,mon2.dat,8,587,1,false,0,0,1026
66,cmon6.dat,cmon66.epf,1051,25,mon2.dat,9,588,1,false,0,0,1051
67,cmon6.dat,cmon67.epf,1076,12,mon2.dat,10,589,1,false,0,0,1076
68,cmon6.dat,cmon68.epf,1088,12,mon2.dat,11,590,1,false,0,0,1088
69,cmon6.dat,cmon69.epf,1100,12,mon2.dat,12,591,1,false,0,0,1100
70,cmon6.dat,cmon70.epf,1112,12,mon2.dat,13,592,1,false,0,0,1112
71,cmon6.dat,cmon71.epf,1124,12,mon2.dat,14,593,1,false,0,0,1124
72,cmon6.dat,cmon72.epf,1136,12,mon2.dat,15,594,1,false,0,0,1136
73,cmon6.dat,cmon73.epf,1148,12,mon2.dat,16,595,1,false,0,0,1148
74,cmon6.dat,cmon74.epf,1160,12,mon2.dat,17,596,1,false,0,0,1160
75,cmon6.dat,cmon75.epf,1172,12,mon2.dat,18,597,1,false,0,0,1172
76,cmon6.dat,cmon76.epf,1184,12,mon2.dat,19,598,1,false,0,0,1184
77,cmon6.dat,cmon77.epf,1196,12,mon2.dat,20,599,1,false,0,0,1196
78,cmon6.dat,cmon78.epf,1208,12,mon2.dat,21,600,1,false,0,0,1208
79,cmon6.dat,cmon79.epf,1220,12,mon2.dat,22,601,1,false,0,0,1220
80,cmon6.dat,cmon80.epf,1232,12,mon2.dat,23,602,1,false,0,0,1232
81,cmon6.dat,cmon81.epf,1244,12,mon2.dat,24,603,1,false,0,0,1244
82,cmon6.dat,cmon82.epf,1256,12,mon2.dat,25,604,1,false,0,0,1256
83,cmon6.dat,cmon83.epf,1268,12,mon2.dat,26,605,1,false,0,0,1268
84,cmon6.dat,cmon84.epf,1280,12,mon2.dat,27,606,1,false,0,0,1280
85,cmon6.dat,cmon85.epf,1292,12,mon2.dat,28,607,1,false,0,0,1292
86,cmon6.dat,cmon86.epf,1304,12,mon2.dat,29,608,1,false,0,0,1304
87,cmon6.dat,cmon87.epf,1316,12,mon2.dat,30,609,1,false,0,0,1316
88,cmon6.dat,cmon88.epf,1328,21,mon2.dat,31,610,21,true,0,0,1328
89,cmon6.dat,cmon89.epf,1349,21,mon2.dat,52,631,21,true,0,0,1349
90,cmon6.dat,cmon90.epf,1370,21,mon3.dat,0,652,21,true,0,0,1370
91,cmon6.dat,cmon91.epf,1391,25,mon3.dat,21,673,21,false,0,0,1391
92,cmon6.dat,cmon92.epf,1416,21,mon3.dat,42,694,16,false,0,0,1416
93,cmon6.dat,cmon93.epf,1437,21,mon3.dat,58,710,21,true,0,0,1437
94,cmon6.dat,cmon94.epf,1458,21,mon3.dat,79,731,21,true,0,0,1458
95,cmon6.dat,cmon95.epf,1479,21,mon3.dat,100,752,21,true,0,0,1479
96,cmon6.dat,cmon96.epf,1500,5,mon3.dat,121,773,5,true,0,0,1500
97,cmon6.dat,cmon97.epf,1505,21,mon3.dat,126,778,21,true,0,0,1505
98,cmon6.dat,cmon98.epf,1526,21,mon3.dat,147,799,21,true,0,0,1526
99,cmon6.dat,cmon99.epf,1547,25,mon3.dat,168,820,25,true,0,0,1547
100,cmon0.dat,cmon100.epf,1572,25,mon3.dat,193,845,25,true,0,0,1572
101,cmon0.dat,cmon101.epf,1597,25,mon3.dat,218,870,25,true,0,0,1597
102,cmon0.dat,cmon102.epf,1622,25,mon3.dat,243,895,25,true,0,0,1622
103,cmon0.dat,cmon103.epf,1647,21,mon3.dat,268,920,21,true,0,0,1647
104,cmon0.dat,cmon104.epf,1668,21,mon3.dat,289,941,21,true,0,0,1668
105,cmon0.dat,cmon105.epf,1689,21,mon3.dat,310,962,21,true,0,0,1689
106,cmon0.dat,cmon106.epf,1710,12,mon3.dat,331,983,2,false,0,0,1710
107,cmon0.dat,cmon107.epf,1722,21,mon3.dat,333,985,21,true,0,0,1722
108,cmon0.dat,cmon108.epf,1743,25,mon3.dat,354,1006,25,true,0,0,1743
109,cmon0.dat,cmon109.epf,1768,25,mon3.dat,379,1031,25,true,0,0,1768
110,cmon0.dat,cmon110.epf,1793,25,mon3.dat,404,1056,25,true,0,0,1793
111,cmon0.dat,cmon111.epf,1818,25,mon3.dat,429,1081,25,true,0,0,1818
112,cmon0.dat,cmon112.epf,1843,25,mon3.dat,454,1106,21,false,0,0,1843
113,cmon0.dat,cmon113.epf,1868,25,mon3.dat,475,1127,25,true,0,0,1868
114,cmon0.dat,cmon114.epf,1893,25,mon3.dat,500,1152,25,true,0,0,1893
115,cmon0.dat,cmon115.epf,1918,25,mon3.dat,525,1177,25,true,0,0,1918
116,cmon0.dat,cmon116.epf,1943,25,mon3.dat,550,1202,25,true,0,0,1943
117,cmon0.dat,cmon117.epf,1968,25,mon3.dat,575,1227,25,true,0,0,1968
118,cmon0.dat,cmon118.epf,1993,25,mon3.dat,600,1252,25,true,0,0,1993
119,cmon0.dat,cmon119.epf,2018,25,mon3.dat,625,1277,25,true,0,0,2018
120,cmon0.dat,cmon120.epf,2043,21,mon4.dat,0,1302,21,true,0,0,2043
121,cmon0.dat,cmon121.epf,2064,21,mon4.dat,21,1323,21,true,0,0,2064
122,cmon0.dat,cmon122.epf,2085,21,mon4.dat,42,1344,21,true,0,0,2085
123,cmon0.dat,cmon123.epf,2106,25,mon4.dat,63,1365,23,false,0,0,2106
124,cmon0.dat,cmon124.epf,2131,25,mon4.dat,86,1388,24,false,0,0,2131
125,cmon0.dat,cmon125.epf,2156,17,mon4.dat,110,1412,17,true,0,0,2156
126,cmon0.dat,cmon126.epf,2173,25,mon4.dat,127,1429,25,true,0,0,2173
127,cmon0.dat,cmon127.epf,2198,25,mon4.dat,152,1454,25,true,0,0,2198
128,cmon0.dat,cmon128.epf,2223,25,mon4.dat,177,1479,25,true,0,0,2223
129,cmon0.dat,cmon129.epf,2248,25,mon4.dat,202,1504,24,false,0,0,2248
130,cmon0.dat,cmon130.epf,2273,25,mon4.dat,226,1528,25,true,0,0,2273
131,cmon0.dat,cmon131.epf,2298,25,mon4.dat,251,1553,25,true,0,0,2298
132,cmon0.dat,cmon132.epf,2323,25,mon4.dat,276,1578,24,false,0,0,2323
133,cmon0.dat,cmon133.epf,2348,25,mon4.dat,300,1602,25,true,0,0,2348
134,cmon0.dat,cmon134.epf,2373,25,mon4.dat,325,1627,25,true,0,0,2373
135,cmon0.dat,cmon135.epf,2398,25,mon4.dat,350,1652,25,true,0,0,2398
136,cmon0.dat,cmon136.epf,2423,25,mon4.dat,375,1677,25,true,0,0,2423
137,cmon0.dat,cmon137.epf,2448,25,mon4.dat,400,1702,25,true,0,0,2448
138,cmon0.dat,cmon138.epf,2473,25,mon4.dat,425,1727,25,true,0,0,2473
139,cmon0.dat,cmon139.epf,2498,25,mon4.dat,450,1752,25,true,0,0,2498
140,cmon0.dat,cmon140.epf,2523,25,mon4.dat,475,1777,25,true,0,0,2523
141,cmon0.dat,cmon141.epf,2548,25,mon4.dat,500,1802,25,true,0,0,2548
142,cmon0.dat,cmon142.epf,2573,25,mon4.dat,525,1827,24,false,0,0,2573
143,cmon0.dat,cmon143.epf,2598,25,mon4.dat,549,1851,25,true,0,0,2598
144,cmon0.dat,cmon144.epf,2623,25,mon4.dat,574,1876,25,true,0,0,2623
145,cmon0.dat,cmon145.epf,2648,25,mon4.dat,599,1901,25,true,0,0,2648
146,cmon0.dat,cmon146.epf,2673,25,mon4.dat,624,1926,25,true,0,0,2673
147,cmon0.dat,cmon147.epf,2698,25,mon4.dat,649,1951,25,true,0,0,2698
148,cmon0.dat,cmon148.epf,2723,25,mon4.dat,674,1976,25,true,0,0,2723
149,cmon0.dat,cmon149.epf,2748,25,mon4.dat,699,2001,25,true,0,0,2748
150,cmon0.dat,cmon150.epf,2773,25,mon5.dat,0,2026,25,true,0,0,2773
151,cmon0.dat,cmon151.epf,2798,12,mon5.dat,25,2051,12,false,0,0,2798
152,cmon0.dat,cmon152.epf,2810,21,mon5.dat,37,2063,21,true,0,0,2810
153,cmon0.dat,cmon153.epf,2831,21,mon5.dat,58,2084,20,false,0,0,2831
154,cmon0.dat,cmon154.epf,2852,12,mon5.dat,78,2104,2,false,0,0,2852
155,cmon0.dat,cmon155.epf,2864,25,mon5.dat,80,2106,25,true,0,0,2864
156,cmon0.dat,cmon156.epf,2889,25,mon5.dat,105,2131,25,true,0,0,2889
157,cmon0.dat,cmon157.epf,2914,21,mon5.dat,130,2156,19,false,0,0,2914
158,cmon0.dat,cmon158.epf,2935,25,mon5.dat,149,2175,25,true,0,0,2935
159,cmon0.dat,cmon159.epf,2960,25,mon5.dat,174,2200,25,true,0,0,2960
160,cmon0.dat,cmon160.epf,2985,25,mon5.dat,199,2225,25,true,0,0,2985
161,cmon0.dat,cmon161.epf,3010,25,mon5.dat,224,2250,25,true,0,0,3010
162,cmon0.dat,cmon162.epf,3035,21,mon5.dat,249,2275,21,true,0,0,3035
163,cmon0.dat,cmon163.epf,3056,21,mon5.dat,270,2296,19,false,0,0,3056
164,cmon0.dat,cmon164.epf,3077,21,mon5.dat,289,2315,21,true,0,0,3077
165,cmon0.dat,cmon165.epf,3098,21,mon5.dat,310,2336,21,true,0,0,3098
166,cmon0.dat,cmon166.epf,3119,21,mon5.dat,331,2357,21,true,0,0,3119
167,cmon0.dat,cmon167.epf,3140,25,mon5.dat,352,2378,25,true,0,0,3140
168,cmon0.dat,cmon168.epf,3165,21,mon5.dat,377,2403,21,true,0,0,3165
169,cmon0.dat,cmon169.epf,3186,25,mon5.dat,398,2424,25,true,0,0,3186
170,cmon0.dat,cmon170.epf,3211,21,mon5.dat,423,2449,21,true,0,0,3211
171,cmon0.dat,cmon171.epf,3232,21,mon5.dat,444,2470,20,false,0,0,3232
172,cmon0.dat,cmon172.epf,3253,12,mon5.dat,464,2490,2,false,0,0,3253
173,cmon0.dat,cmon173.epf,3265,21,mon5.dat,466,2492,20,false,0,0,3265
174,cmon0.dat,cmon174.epf,3286,21,mon5.dat,486,2512,17,true,0,0,3286
175,cmon0.dat,cmon175.epf,3307,20,mon5.dat,503,2529,1,false,0,0,3307
176,cmon0.dat,cmon176.epf,3327,20,mon5.dat,504,2530,1,false,0,0,3327
177,cmon0.dat,cmon177.epf,3347,25,mon5.dat,505,2531,1,false,0,0,3347
178,cmon0.dat,cmon178.epf,3372,25,mon5.dat,506,2532,1,false,0,0,3372
179,cmon0.dat,cmon179.epf,3397,20,mon5.dat,507,2533,1,false,0,0,3397
180,cmon0.dat,cmon180.epf,3417,20,mon6.dat,0,2534,1,false,0,0,3417
181,cmon0.dat,cmon181.epf,3437,25,mon6.dat,1,2535,1,false,0,0,3437
182,cmon0.dat,cmon182.epf,3462,21,mon6.dat,2,2536,21,true,0,0,3462
183,cmon0.dat,cmon183.epf,3483,25,mon6.dat,23,2557,24,false,0,0,3483
184,cmon0.dat,cmon184.epf,3508,25,mon6.dat,47,2581,21,false,0,0,3508
185,cmon0.dat,cmon185.epf,3533,25,mon6.dat,68,2602,25,true,0,0,3533
186,cmon0.dat,cmon186.epf,3558,25,mon6.dat,93,2627,25,true,0,0,3558
187,cmon1.dat,cmon187.epf,3583,25,mon6.dat,118,2652,25,true,0,0,3583
188,cmon1.dat,cmon188.epf,3608,25,mon6.dat,143,2677,25,true,0,0,3608
189,cmon1.dat,cmon189.epf,3633,21,mon6.dat,168,2702,21,true,0,0,3633
190,cmon1.dat,cmon190.epf,3654,21,mon6.dat,189,2723,21,true,0,0,3654
191,cmon1.dat,cmon191.epf,3675,25,mon6.dat,210,2744,25,true,0,0,3675
192,cmon1.dat,cmon192.epf,3700,25,mon6.dat,235,2769,25,true,0,0,3700
193,cmon1.dat,cmon193.epf,3725,25,mon6.dat,260,2794,24,false,0,0,3725
194,cmon1.dat,cmon194.epf,3750,25,mon6.dat,284,2818,25,true,0,0,3750
195,cmon1.dat,cmon195.epf,3775,25,mon6.dat,309,2843,25,true,0,0,3775
196,cmon1.dat,cmon196.epf,3800,21,mon6.dat,334,2868,21,true,0,0,3800
197,cmon1.dat,cmon197.epf,3821,17,mon6.dat,355,2889,17,true,0,0,3821
198,cmon1.dat,cmon198.epf,3838,21,mon6.dat,372,2906,21,true,0,0,3838
199,cmon1.dat,cmon199.epf,3859,21,mon6.dat,393,2927,21,true,0,0,3859
200,cmon1.dat,cmon200.epf,3880,12,mon6.dat,414,2948,1,false,0,0,3880
201,cmon1.dat,cmon201.epf,3892,12,mon6.dat,415,2949,1,false,0,0,3892
202,cmon1.dat,cmon202.epf,3904,12,mon6.dat,416,2950,1,false,0,0,3904
203,cmon1.dat,cmon203.epf,3916,12,mon6.dat,417,2951,1,false,0,0,3916
204,cmon1.dat,cmon204.epf,3928,12,mon6.dat,418,2952,1,false,0,0,3928
205,cmon1.dat,cmon205.epf,3940,12,mon6.dat,419,2953,1,false,0,0,3940
206,cmon1.dat,cmon206.epf,3952,12,mon6.dat,420,2954,12,false,0,0,3952
207,cmon1.dat,cmon207.epf,3964,12,mon6.dat,432,2966,12,false,0,0,3964
208,cmon1.dat,cmon208.epf,3976,12,mon6.dat,444,2978,12,false,0,0,3976
209,cmon1.dat,cmon209.epf,3988,12,mon6.dat,456,2990,1,false,0,0,3988
210,cmon1.dat,cmon210.epf,4000,12,mon7.dat,0,2991,12,false,0,0,4000
211,cmon1.dat,cmon211.epf,4012,12,mon7.dat,12,3003,12,false,0,0,4012
212,cmon1.dat,cmon212.epf,4024,20,mon7.dat,24,3015,1,false,1,1,4024
213,cmon1.dat,cmon213.epf,4044,20,mon7.dat,25,3016,1,false,1,1,4044
214,cmon1.dat,cmon214.epf,4064,20,mon7.dat,26,3017,1,false,1,1,4064
215,cmon1.dat,cmon215.epf,4084,20,mon7.dat,27,3018,4,false,1,1,4084
216,cmon1.dat,cmon216.epf,4104,20,mon7.dat,31,3022,4,false,2,2,4104
217,cmon1.dat,cmon217.epf,4124,20,mon7.dat,35,3026,4,false,2,2,4124
218,cmon1.dat,cmon218.epf,4144,20,mon7.dat,39,3030,4,false,2,2,4144
219,cmon1.dat,cmon219.epf,4164,20,mon7.dat,43,3034,4,false,2,2,4164
220,cmon1.dat,cmon220.epf,4184,25,mon7.dat,47,3038,25,true,2,2,4184
221,cmon1.dat,cmon221.epf,4209,25,mon7.dat,72,3063,25,true,2,2,4209
222,cmon1.dat,cmon222.epf,4234,25,mon7.dat,97,3088,25,true,2,2,4234
223,cmon1.dat,cmon223.epf,4259,25,mon7.dat,122,3113,25,true,2,2,4259
224,cmon1.dat,cmon224.epf,4284,25,mon7.dat,147,3138,25,true,2,2,4284
225,cmon1.dat,cmon225.epf,4309,25,mon7.dat,172,3163,25,true,3,3,4309
226,cmon1.dat,cmon226.epf,4334,25,mon7.dat,197,3188,25,true,3,3,4334
227,cmon1.dat,cmon227.epf,4359,25,mon7.dat,222,3213,25,true,3,3,4359
228,cmon1.dat,cmon228.epf,4384,25,mon7.dat,247,3238,25,true,3,3,4384
229,cmon1.dat,cmon229.epf,4409,25,mon7.dat,272,3263,25,true,3,3,4409
230,cmon1.dat,cmon230.epf,4434,25,mon7.dat,297,3288,25,true,4,4,4434
231,cmon1.dat,cmon231.epf,4459,25,mon7.dat,322,3313,25,true,4,4,4459
232,cmon1.dat,cmon232.epf,4484,25,mon7.dat,347,3338,25,true,5,5,4484
233,cmon1.dat,cmon233.epf,4509,25,mon7.dat,372,3363,25,true,5,5,4509
234,cmon1.dat,cmon234.epf,4534,29,mon7.dat,397,3388,29,true,5,5,4534
235,cmon1.dat,cmon235.epf,4563,49,mon7.dat,426,3417,27,false,5,5,4563
236,cmon1.dat,cmon236.epf,4612,37,mon7.dat,453,3444,35,false,5,5,4612
237,cmon1.dat,cmon237.epf,4649,41,mon7.dat,488,3479,41,true,5,5,4649
238,cmon1.dat,cmon238.epf,4690,25,mon7.dat,529,3520,25,true,5,5,4690
239,cmon1.dat,cmon239.epf,4715,25,mon7.dat,554,3545,25,true,5,5,4715
240,cmon1.dat,cmon240.epf,4740,25,mon8.dat,0,3570,25,true,5,5,4740
241,cmon1.dat,cmon241.epf,4765,25,mon8.dat,25,3595,25,true,5,5,4765
242,cmon1.dat,cmon242.epf,4790,49,mon8.dat,50,3620,42,false,5,5,4790
243,cmon1.dat,cmon243.epf,4839,25,mon8.dat,92,3662,25,true,5,5,4839
244,cmon1.dat,cmon244.epf,4864,25,mon8.dat,117,3687,25,true,5,5,4864
245,cmon1.dat,cmon245.epf,4889,37,mon8.dat,142,3712,37,true,5,5,4889
246,cmon1.dat,cmon246.epf,4926,25,mon8.dat,179,3749,25,true,5,5,4926
247,cmon1.dat,cmon247.epf,4951,33,mon8.dat,204,3774,33,true,5,5,4951
248,cmon1.dat,cmon248.epf,4984,25,mon8.dat,237,3807,25,true,6,6,4984
249,cmon1.dat,cmon249.epf,5009,25,mon8.dat,262,3832,25,true,7,7,5009
250,cmon1.dat,cmon250.epf,5034,25,mon8.dat,287,3857,25,true,8,4,5034
251,cmon1.dat,cmon251.epf,5059,25,mon8.dat,312,3882,25,true,8,4,5059
252,cmon1.dat,cmon252.epf,5084,20,mon8.dat,337,3907,4,false,9,8,5084
253,cmon1.dat,cmon253.epf,5104,36,mon8.dat,341,3911,8,false,9,8,5104
254,cmon1.dat,cmon254.epf,5140,37,mon8.dat,349,3919,37,true,9,8,5140
255,cmon1.dat,cmon255.epf,5177,21,mon8.dat,386,3956,21,true,10,8,5177
256,cmon1.dat,cmon256.epf,5198,40,mon8.dat,407,3977,31,false,11,9,5198
257,cmon1.dat,cmon257.epf,5238,25,mon8.dat,438,4008,25,true,11,9,5238
258,cmon1.dat,cmon258.epf,5263,25,mon8.dat,463,4033,25,true,11,9,5263
259,cmon1.dat,cmon259.epf,5288,29,mon8.dat,488,4058,29,true,12,8,5288
260,cmon1.dat,cmon260.epf,5317,25,mon8.dat,517,4087,25,true,12,8,5317
261,cmon1.dat,cmon261.epf,5342,37,mon8.dat,542,4112,29,false,12,8,5342
262,cmon1.dat,cmon262.epf,5379,37,mon8.dat,571,4141,30,false,12,8,5379
263,cmon1.dat,cmon263.epf,5416,37,mon8.dat,601,4171,30,false,12,8,5416
264,cmon1.dat,cmon264.epf,5453,29,mon8.dat,631,4201,29,true,12,8,5453
265,cmon1.dat,cmon265.epf,5482,25,mon8.dat,660,4230,25,true,12,8,5482
266,cmon1.dat,cmon266.epf,5507,29,mon8.dat,685,4255,29,true,12,8,5507
267,cmon1.dat,cmon267.epf,5536,25,mon8.dat,714,4284,25,true,12,8,5536
268,cmon1.dat,cmon268.epf,5561,25,mon8.dat,739,4309,25,true,12,8,5561
269,cmon1.dat,cmon269.epf,5586,25,mon8.dat,764,4334,25,true,12,8,5586
270,cmon1.dat,cmon270.epf,5611,29,mon9.dat,0,4359,29,true,12,8,5611
271,cmon1.dat,cmon271.epf,5640,33,mon9.dat,29,4388,28,false,12,8,5640
272,cmon1.dat,cmon272.epf,5673,33,mon9.dat,57,4416,30,false,12,8,5673
273,cmon1.dat,cmon273.epf,5706,29,mon9.dat,87,4446,29,true,12,8,5706
274,cmon1.dat,cmon274.epf,5735,29,mon9.dat,116,4475,29,true,12,8,5735
275,cmon1.dat,cmon275.epf,5764,25,mon9.dat,145,4504,25,true,12,8,5764
276,cmon1.dat,cmon276.epf,5789,29,mon9.dat,170,4529,29,true,12,8,5789
277,cmon1.dat,cmon277.epf,5818,33,mon9.dat,199,4558,33,true,12,8,5818
278,cmon1.dat,cmon278.epf,5851,29,mon9.dat,232,4591,29,true,12,8,5851
279,cmon1.dat,cmon279.epf,5880,25,mon9.dat,261,4620,21,false,12,8,5880
280,cmon1.dat,cmon280.epf,5905,25,mon9.dat,282,4641,25,true,13,10,5905
281,cmon1.dat,cmon281.epf,5930,25,mon9.dat,307,4666,25,true,13,10,5930
282,cmon1.dat,cmon282.epf,5955,29,mon9.dat,332,4691,29,true,13,10,5955
283,cmon1.dat,cmon283.epf,5984,25,mon9.dat,361,4720,25,true,14,11,5984
284,cmon1.dat,cmon284.epf,6009,37,mon9.dat,386,4745,35,false,14,11,6009
285,cmon1.dat,cmon285.epf,6046,25,mon9.dat,421,4780,25,true,15,12,6046
286,cmon2.dat,cmon286.epf,6071,33,mon9.dat,446,4805,33,true,16,13,6071
287,cmon2.dat,cmon287.epf,6104,25,mon9.dat,479,4838,25,true,16,13,6104
288,cmon2.dat,cmon288.epf,6129,49,mon9.dat,504,4863,49,true,16,13,6129
289,cmon2.dat,cmon289.epf,6178,29,mon9.dat,553,4912,29,true,16,13,6178
290,cmon2.dat,cmon290.epf,6207,25,mon9.dat,582,4941,25,true,16,13,6207
291,cmon2.dat,cmon291.epf,6232,29,mon9.dat,607,4966,29,true,16,13,6232
292,cmon2.dat,cmon292.epf,6261,45,mon9.dat,636,4995,38,false,16,13,6261
293,cmon2.dat,cmon293.epf,6306,25,mon9.dat,674,5033,25,true,16,13,6306
294,cmon2.dat,cmon294.epf,6331,29,mon9.dat,699,5058,28,false,16,13,6331
295,cmon2.dat,cmon295.epf,6360,25,mon9.dat,727,5086,25,true,16,13,6360
296,cmon2.dat,cmon296.epf,6385,37,mon9.dat,752,5111,37,true,16,13,6385
297,cmon2.dat,cmon297.epf,6422,33,mon9.dat,789,5148,33,true,16,13,6422
298,cmon2.dat,cmon298.epf,6455,25,mon9.dat,822,5181,25,true,16,13,6455
299,cmon2.dat,cmon299.epf,6480,20,mon9.dat,847,5206,1,false,17,14,6480
300,cmon2.dat,cmon300.epf,6500,20,mon10.dat,0,5207,1,false,17,14,6500
301,cmon2.dat,cmon301.epf,6520,20,mon10.dat,1,5208,1,false,17,14,6520
302,cmon2.dat,cmon302.epf,6540,20,mon10.dat,2,5209,1,false,17,14,6540
303,cmon2.dat,cmon303.epf,6560,20,mon10.dat,3,5210,1,false,17,14,6560
304,cmon2.dat,cmon304.epf,6580,20,mon10.dat,4,5211,1,false,17,14,6580
305,cmon2.dat,cmon305.epf,6600,20,mon10.dat,5,5212,1,false,17,14,6600
306,cmon2.dat,cmon306.epf,6620,20,mon10.dat,6,5213,4,false,17,14,6620
307,cmon2.dat,cmon307.epf,6640,20,mon10.dat,10,5217,1,false,17,14,6640
308,cmon2.dat,cmon308.epf,6660,20,mon10.dat,11,5218,1,false,17,14,6660
309,cmon2.dat,cmon309.epf,6680,20,mon10.dat,12,5219,1,false,17,14,6680
310,cmon2.dat,cmon310.epf,6700,20,mon10.dat,13,5220,1,false,17,14,6700
311,cmon2.dat,cmon311.epf,6720,20,mon10.dat,14,5221,1,false,17,14,6720
312,cmon2.dat,cmon312.epf,6740,20,mon10.dat,15,5222,1,false,17,14,6740
313,cmon2.dat,cmon313.epf,6760,20,mon10.dat,16,5223,1,false,17,14,6760
314,cmon2.dat,cmon314.epf,6780,49,mon10.dat,17,5224,49,true,17,14,6780
315,cmon2.dat,cmon315.epf,6829,33,mon10.dat,66,5273,29,false,17,14,6829
316,cmon2.dat,cmon316.epf,6862,33,mon10.dat,95,5302,29,false,17,14,6862
317,cmon2.dat,cmon317.epf,6895,41,mon10.dat,124,5331,41,true,17,14,6895
318,cmon2.dat,cmon318.epf,6936,41,mon10.dat,165,5372,41,true,17,14,6936
319,cmon2.dat,cmon319.epf,6977,37,mon10.dat,206,5413,29,false,17,14,6977
320,cmon2.dat,cmon320.epf,7014,24,mon10.dat,235,5442,22,false,18,15,7014
321,cmon2.dat,cmon321.epf,7038,45,mon10.dat,257,5464,45,true,19,16,7038
322,cmon2.dat,cmon322.epf,7083,41,mon10.dat,302,5509,41,true,19,16,7083
323,cmon2.dat,cmon323.epf,7124,49,mon10.dat,343,5550,38,false,19,16,7124
324,cmon2.dat,cmon324.epf,7173,49,mon10.dat,381,5588,43,false,19,16,7173
325,cmon2.dat,cmon325.epf,7222,57,mon10.dat,424,5631,49,false,19,16,7222
326,cmon2.dat,cmon326.epf,7279,16,mon10.dat,473,5680,1,false,19,16,7279
327,cmon2.dat,cmon327.epf,7295,20,mon10.dat,474,5681,1,false,20,14,7295
328,cmon2.dat,cmon328.epf,7315,20,mon10.dat,475,5682,1,false,20,14,7315
329,cmon2.dat,cmon329.epf,7335,20,mon10.dat,476,5683,1,false,20,14,7335
330,cmon2.dat,cmon330.epf,7355,4,mon11.dat,0,5684,4,true,22,17,7355
331,cmon2.dat,cmon331.epf,7359,4,mon11.dat,4,5688,4,true,22,17,7359
332,cmon2.dat,cmon332.epf,7363,13,mon11.dat,8,5692,12,false,22,17,7363
333,cmon2.dat,cmon333.epf,7376,20,mon11.dat,20,5704,1,false,20,14,7376
334,cmon2.dat,cmon334.epf,7396,12,mon11.dat,21,5705,12,true,20,14,7396
335,cmon2.dat,cmon335.epf,7408,4,mon11.dat,33,5717,3,false,20,14,7408
336,cmon2.dat,cmon336.epf,7412,16,mon11.dat,36,5720,6,false,23,18,7412
337,cmon2.dat,cmon337.epf,7428,6,mon11.dat,42,5726,6,true,20,14,7428
338,cmon2.dat,cmon338.epf,7434,20,mon11.dat,48,5732,1,false,20,14,7434
339,cmon2.dat,cmon339.epf,7454,20,mon11.dat,49,5733,1,false,21,14,7454
340,cmon2.dat,cmon340.epf,7474,20,mon11.dat,50,5734,1,false,24,14,7474
341,cmon2.dat,cmon341.epf,7494,20,mon11.dat,51,5735,1,false,25,19,7494
342,cmon2.dat,cmon342.epf,7514,20,mon11.dat,52,5736,1,false,26,14,7514
343,cmon2.dat,cmon343.epf,7534,28,mon11.dat,53,5737,28,true,27,14,7534
344,cmon2.dat,cmon344.epf,7562,28,mon11.dat,81,5765,28,true,27,14,7562
345,cmon2.dat,cmon345.epf,7590,28,mon11.dat,109,5793,28,true,27,14,7590
346,cmon2.dat,cmon346.epf,7618,32,mon11.dat,137,5821,26,false,27,14,7618
347,cmon2.dat,cmon347.epf,7650,28,mon11.dat,163,5847,28,true,27,14,7650
348,cmon2.dat,cmon348.epf,7678,28,mon11.dat,191,5875,28,true,27,14,7678
349,cmon2.dat,cmon349.epf,7706,28,mon11.dat,219,5903,28,true,27,14,7706
350,cmon2.dat,cmon350.epf,7734,28,mon11.dat,247,5931,28,true,27,14,7734
351,cmon2.dat,cmon351.epf,7762,28,mon11.dat,275,5959,28,true,27,14,7762
352,cmon2.dat,cmon352.epf,7790,36,mon11.dat,303,5987,32,false,27,14,7790
353,cmon2.dat,cmon353.epf,7826,36,mon11.dat,335,6019,36,true,27,14,7826
354,cmon2.dat,cmon354.epf,7862,36,mon11.dat,371,6055,33,false,27,14,7862
355,cmon2.dat,cmon355.epf,7898,36,mon11.dat,404,6088,36,true,27,14,7898
356,cmon3.dat,cmon356.epf,7934,28,mon11.dat,440,6124,28,true,27,14,7934
357,cmon3.dat,cmon357.epf,7962,36,mon11.dat,468,6152,29,false,27,14,7962
358,cmon3.dat,cmon358.epf,7998,36,mon11.dat,497,6181,35,false,27,14,7998
359,cmon3.dat,cmon359.epf,8034,36,mon11.dat,532,6216,33,false,27,14,8034
360,cmon3.dat,cmon360.epf,8070,36,mon12.dat,0,6249,34,false,27,14,8070
361,cmon3.dat,cmon361.epf,8106,36,mon12.dat,34,6283,33,false,27,14,8106
362,cmon3.dat,cmon362.epf,8142,48,mon12.dat,67,6316,32,false,27,14,8142
363,cmon3.dat,cmon363.epf,8190,36,mon12.dat,99,6348,36,true,27,14,8190
364,cmon3.dat,cmon364.epf,8226,36,mon12.dat,135,6384,32,false,27,14,8226
365,cmon3.dat,cmon365.epf,8262,28,mon12.dat,167,6416,27,false,27,14,8262
366,cmon3.dat,cmon366.epf,8290,28,mon12.dat,194,6443,28,true,27,14,8290
367,cmon3.dat,cmon367.epf,8318,36,mon12.dat,222,6471,35,false,27,14,8318
368,cmon3.dat,cmon368.epf,8354,36,mon12.dat,257,6506,36,true,27,14,8354
369,cmon3.dat,cmon369.epf,8390,44,mon12.dat,293,6542,37,false,27,14,8390
370,cmon3.dat,cmon370.epf,8434,44,mon12.dat,330,6579,44,true,27,14,8434
371,cmon3.dat,cmon371.epf,8478,36,mon12.dat,374,6623,35,false,27,14,8478
372,cmon3.dat,cmon372.epf,8514,6,mon12.dat,409,6658,5,false,28,18,8514
373,cmon3.dat,cmon373.epf,8520,6,mon12.dat,414,6663,5,false,28,18,8520
374,cmon3.dat,cmon374.epf,8526,6,mon12.dat,419,6668,5,false,28,18,8526
375,cmon3.dat,cmon375.epf,8532,6,mon12.dat,424,6673,5,false,28,18,8532
376,cmon3.dat,cmon376.epf,8538,6,mon12.dat,429,6678,5,false,28,18,8538
377,cmon3.dat,cmon377.epf,8544,6,mon12.dat,434,6683,6,true,28,18,8544
378,cmon3.dat,cmon378.epf,8550,6,mon12.dat,440,6689,5,false,28,18,8550
379,cmon3.dat,cmon379.epf,8556,6,mon12.dat,445,6694,5,false,28,18,8556
380,cmon3.dat,cmon380.epf,8562,6,mon12.dat,450,6699,5,false,28,18,8562
381,cmon3.dat,cmon381.epf,8568,6,mon12.dat,455,6704,5,false,28,18,8568
382,cmon3.dat,cmon382.epf,8574,6,mon12.dat,460,6709,5,false,28,18,8574
383,cmon3.dat,cmon383.epf,8580,6,mon12.dat,465,6714,5,false,28,18,8580
384,cmon3.dat,cmon384.epf,8586,6,mon12.dat,470,6719,6,true,28,18,8586
385,cmon3.dat,cmon385.epf,8592,6,mon12.dat,476,6725,5,false,28,18,8592
386,cmon3.dat,cmon386.epf,8598,6,mon12.dat,481,6730,5,false,28,18,8598
387,cmon3.dat,cmon387.epf,8604,6,mon12.dat,486,6735,5,false,28,18,8604
388,cmon3.dat,cmon388.epf,8610,6,mon12.dat,491,6740,6,true,28,18,8610
389,cmon3.dat,cmon389.epf,8616,6,mon12.dat,497,6746,6,true,28,18,8616
390,cmon3.dat,cmon390.epf,8622,6,mon13.dat,0,6752,5,false,28,18,8622
391,cmon3.dat,cmon391.epf,8628,37,mon13.dat,5,6757,25,false,17,14,8628
392,cmon3.dat,cmon392.epf,8665,1,mon13.dat,30,6782,1,true,2,2,8665
393,cmon3.dat,cmon393.epf,8666,1,mon13.dat,31,6783,1,true,2,2,8666
394,cmon3.dat,cmon394.epf,8667,1,mon13.dat,32,6784,1,true,2,2,8667
395,cmon3.dat,cmon395.epf,8668,43,mon13.dat,33,6785,43,true,2,2,8668
396,cmon3.dat,cmon396.epf,8711,1,mon13.dat,76,6828,1,true,17,14,8711
397,cmon3.dat,cmon397.epf,8712,18,mon13.dat,77,6829,18,true,2,2,8712
398,cmon3.dat,cmon398.epf,8730,25,mon13.dat,95,6847,25,true,2,2,8730
399,cmon3.dat,cmon399.epf,8755,22,mon13.dat,120,6872,22,true,2,2,8755
400,cmon3.dat,cmon400.epf,8777,34,mon13.dat,142,6894,34,true,2,2,8777
401,cmon3.dat,cmon401.epf,8811,26,mon13.dat,176,6928,26,true,2,2,8811
402,cmon3.dat,cmon402.epf,8837,26,mon13.dat,202,6954,26,true,2,2,8837
403,cmon3.dat,cmon403.epf,8863,75,mon13.dat,228,6980,75,true,2,2,8863
404,cmon3.dat,cmon404.epf,8938,26,mon13.dat,303,7055,26,true,2,2,8938
405,cmon3.dat,cmon405.epf,8964,26,mon13.dat,329,7081,26,true,2,2,8964
406,cmon3.dat,cmon406.epf,8990,32,mon13.dat,355,7107,32,true,2,2,8990
407,cmon3.dat,cmon407.epf,9022,26,mon13.dat,387,7139,24,false,2,2,9022
408,cmon3.dat,cmon408.epf,9048,25,mon13.dat,411,7163,25,true,2,2,9048
409,cmon3.dat,cmon409.epf,9073,42,mon13.dat,436,7188,38,false,2,2,9073
410,cmon3.dat,cmon410.epf,9115,25,mon13.dat,474,7226,25,true,2,2,9115
411,cmon3.dat,cmon411.epf,9140,29,mon13.dat,499,7251,29,true,2,2,9140
412,cmon3.dat,cmon412.epf,9169,38,mon13.dat,528,7280,29,false,2,2,9169
413,cmon4.dat,cmon413.epf,9207,22,mon13.dat,557,7309,6,false,2,2,9207
414,cmon4.dat,cmon414.epf,9229,18,mon13.dat,563,7315,5,false,2,2,9229
415,cmon4.dat,cmon415.epf,9247,18,mon13.dat,568,7320,5,false,2,2,9247
416,cmon4.dat,cmon416.epf,9265,26,mon13.dat,573,7325,26,true,2,2,9265
417,cmon4.dat,cmon417.epf,9291,26,mon13.dat,599,7351,25,false,2,2,9291
418,cmon4.dat,cmon418.epf,9317,40,mon13.dat,624,7376,40,true,2,2,9317
419,cmon4.dat,cmon419.epf,9357,25,mon13.dat,664,7416,25,true,2,2,9357
420,cmon4.dat,cmon420.epf,9382,26,mon14.dat,0,7441,26,true,2,2,9382
421,cmon4.dat,cmon421.epf,9408,48,mon14.dat,26,7467,47,false,2,2,9408
422,cmon4.dat,cmon422.epf,9456,26,mon14.dat,73,7514,26,true,2,2,9456
423,cmon4.dat,cmon423.epf,9482,26,mon14.dat,99,7540,24,false,2,2,9482
424,cmon4.dat,cmon424.epf,9508,38,mon14.dat,123,7564,37,false,2,2,9508
425,cmon4.dat,cmon425.epf,9546,1,mon14.dat,160,7601,1,true,2,2,9546
426,cmon4.dat,cmon426.epf,9547,12,mon14.dat,161,7602,3,false,2,2,9547
427,cmon4.dat,cmon427.epf,9559,12,mon14.dat,164,7605,6,false,2,2,9559
428,cmon4.dat,cmon428.epf,9571,12,mon14.dat,170,7611,3,false,2,2,9571
429,cmon4.dat,cmon429.epf,9583,12,mon14.dat,173,7614,3,false,2,2,9583
430,cmon4.dat,cmon430.epf,9595,1,mon14.dat,176,7617,1,true,2,2,9595
431,cmon4.dat,cmon431.epf,9596,1,mon14.dat,177,7618,1,true,2,2,9596
432,cmon4.dat,cmon432.epf,9597,1,mon14.dat,178,7619,1,true,2,2,9597
433,cmon4.dat,cmon433.epf,9598,12,mon14.dat,179,7620,3,false,2,2,9598
434,cmon4.dat,cmon434.epf,9610,12,mon14.dat,182,7623,3,false,2,2,9610
435,cmon4.dat,cmon435.epf,9622,25,mon14.dat,185,7626,25,true,4,4,9622
436,cmon4.dat,cmon436.epf,9647,1,mon14.dat,210,7651,1,true,2,2,9647
437,cmon4.dat,cmon437.epf,9648,16,mon14.dat,211,7652,16,true,2,2,9648
438,cmon4.dat,cmon438.epf,9664,12,mon14.dat,227,7668,12,true,2,2,9664
439,cmon4.dat,cmon439.epf,9676,4,mon14.dat,239,7680,4,true,2,2,9676
440,cmon4.dat,cmon440.epf,9680,4,mon14.dat,243,7684,4,true,2,2,9680
441,cmon4.dat,cmon441.epf,9684,29,mon14.dat,247,7688,29,true,2,2,9684
442,cmon4.dat,cmon442.epf,9713,33,mon14.dat,276,7717,33,true,2,2,9713
443,cmon4.dat,cmon443.epf,9746,33,mon14.dat,309,7750,33,true,2,2,9746
444,cmon4.dat,cmon444.epf,9779,33,mon14.dat,342,7783,33,true,2,2,9779
445,cmon4.dat,cmon445.epf,9812,33,mon14.dat,375,7816,33,true,2,2,9812
446,cmon4.dat,cmon446.epf,9845,33,mon14.dat,408,7849,33,true,2,2,9845
447,cmon4.dat,cmon447.epf,9878,33,mon14.dat,441,7882,33,true,2,2,9878
448,cmon4.dat,cmon448.epf,9911,6,mon14.dat,474,7915,6,true,2,2,9911
449,cmon4.dat,cmon449.epf,9917,25,mon14.dat,480,7921,25,true,29,20,9917
450,cmon4.dat,cmon450.epf,9942,25,mon15.dat,0,7946,25,true,29,20,9942
451,cmon4.dat,cmon451.epf,9967,25,mon15.dat,25,7971,25,true,2,2,9967
452,cmon4.dat,cmon452.epf,9992,34,mon15.dat,50,7996,34,true,29,20,9992
453,cmon4.dat,cmon453.epf,10026,25,mon15.dat,84,8030,25,true,29,20,10026
454,cmon4.dat,cmon454.epf,10051,25,mon15.dat,109,8055,25,true,29,20,10051
455,cmon4.dat,cmon455.epf,10076,25,mon15.dat,134,8080,25,true,29,20,10076
456,cmon4.dat,cmon456.epf,10101,39,mon15.dat,159,8105,36,false,29,20,10101
457,cmon4.dat,cmon457.epf,10140,25,mon15.dat,195,8141,24,false,29,20,10140
458,cmon4.dat,cmon458.epf,10165,25,mon15.dat,219,8165,25,true,29,20,10165
459,cmon4.dat,cmon459.epf,10190,25,mon15.dat,244,8190,23,false,29,20,10190
460,cmon4.dat,cmon460.epf,10215,25,mon15.dat,267,8213,25,true,29,20,10215
461,cmon4.dat,cmon461.epf,10240,25,mon15.dat,292,8238,25,true,2,2,10240
462,cmon4.dat,cmon462.epf,10265,25,mon15.dat,317,8263,25,true,2,2,10265
463,cmon4.dat,cmon463.epf,10290,25,mon15.dat,342,8288,25,true,2,2,10290
464,cmon4.dat,cmon464.epf,10315,29,mon15.dat,367,8313,29,true,2,2,10315
465,cmon4.dat,cmon465.epf,10344,25,mon15.dat,396,8342,25,true,29,20,10344
466,cmon4.dat,cmon466.epf,10369,25,mon15.dat,421,8367,25,true,29,20,10369
467,cmon4.dat,cmon467.epf,10394,33,mon15.dat,446,8392,31,false,29,20,10394
468,cmon4.dat,cmon468.epf,10427,25,mon15.dat,477,8423,25,true,29,20,10427
469,cmon4.dat,cmon469.epf,10452,25,mon15.dat,502,8448,25,true,29,20,10452
470,cmon4.dat,cmon470.epf,10477,25,mon15.dat,527,8473,25,true,29,20,10477
471,cmon4.dat,cmon471.epf,10502,25,mon15.dat,552,8498,25,true,29,20,10502
472,cmon4.dat,cmon472.epf,10527,64,mon15.dat,577,8523,54,false,29,20,10527
473,cmon4.dat,cmon473.epf,10591,21,mon15.dat,631,8577,21,true,29,20,10591
474,cmon4.dat,cmon474.epf,10612,21,mon15.dat,652,8598,21,true,29,20,10612
475,cmon4.dat,cmon475.epf,10633,21,mon15.dat,673,8619,21,true,29,20,10633
476,cmon5.dat,cmon476.epf,10654,21,mon15.dat,694,8640,21,true,29,20,10654
477,cmon5.dat,cmon477.epf,10675,25,mon15.dat,715,8661,21,false,29,20,10675
478,cmon5.dat,cmon478.epf,10700,25,mon15.dat,736,8682,25,true,29,20,10700
479,cmon5.dat,cmon479.epf,10725,25,mon15.dat,761,8707,25,true,29,20,10725
480,cmon5.dat,cmon480.epf,10750,41,mon16.dat,0,8732,40,false,29,20,10750
481,cmon5.dat,cmon481.epf,10791,25,mon16.dat,40,8772,25,true,29,20,10791
482,cmon5.dat,cmon482.epf,10816,25,mon16.dat,65,8797,25,true,29,20,10816
483,cmon5.dat,cmon483.epf,10841,25,mon16.dat,90,8822,25,true,29,20,10841
484,cmon5.dat,cmon484.epf,10866,42,mon16.dat,115,8847,38,false,29,20,10866
485,cmon5.dat,cmon485.epf,10908,1,mon16.dat,153,8885,1,true,29,20,10908
486,cmon5.dat,cmon486.epf,10909,1,mon16.dat,154,8886,1,true,29,20,10909
487,cmon5.dat,cmon487.epf,10910,1,mon16.dat,155,8887,1,true,29,20,10910
488,cmon5.dat,cmon488.epf,10911,1,mon16.dat,156,8888,1,true,29,20,10911
489,cmon5.dat,cmon489.epf,10912,1,mon16.dat,157,8889,1,true,29,20,10912
490,cmon5.dat,cmon490.epf,10913,1,mon16.dat,158,8890,1,true,29,20,10913
491,cmon5.dat,cmon491.epf,10914,1,mon16.dat,159,8891,1,true,29,20,10914
492,cmon5.dat,cmon492.epf,10915,1,mon16.dat,160,8892,1,true,29,20,10915
493,cmon5.dat,cmon493.epf,10916,1,mon16.dat,161,8893,1,true,29,20,10916
494,cmon5.dat,cmon494.epf,10917,1,mon16.dat,162,8894,1,true,29,20,10917
495,cmon5.dat,cmon495.epf,10918,1,mon16.dat,163,8895,1,true,29,20,10918
496,cmon5.dat,cmon496.epf,10919,1,mon16.dat,164,8896,1,true,29,20,10919
497,cmon5.dat,cmon497.epf,10920,1,mon16.dat,165,8897,1,true,29,20,10920
498,cmon5.dat,cmon498.epf,10921,16,mon16.dat,166,8898,11,false,2,2,10921
499,cmon5.dat,cmon499.epf,10937,25,mon16.dat,177,8909,25,true,29,20,10937
500,cmon5.dat,cmon500.epf,10962,49,mon16.dat,202,8934,48,false,29,20,10962
501,cmon5.dat,cmon501.epf,11011,49,mon16.dat,250,8982,45,false,29,20,11011
502,cmon5.dat,cmon502.epf,11060,42,mon16.dat,295,9027,41,false,29,20,11060
503,cmon5.dat,cmon503.epf,11102,33,mon16.dat,336,9068,33,true,29,20,11102
504,cmon5.dat,cmon504.epf,11135,25,mon16.dat,369,9101,25,true,29,20,11135
505,cmon5.dat,cmon505.epf,11160,25,mon16.dat,394,9126,25,true,29,20,11160
506,cmon5.dat,cmon506.epf,11185,29,mon16.dat,419,9151,29,true,29,20,11185
507,cmon5.dat,cmon507.epf,11214,29,mon16.dat,448,9180,29,true,29,20,11214
508,cmon5.dat,cmon508.epf,11243,25,mon16.dat,477,9209,25,true,29,20,11243
509,cmon5.dat,cmon509.epf,11268,25,mon16.dat,502,9234,25,true,29,20,11268
510,cmon5.dat,cmon510.epf,11293,29,mon17.dat,0,9259,29,true,29,20,11293
511,cmon5.dat,cmon511.epf,11322,33,mon17.dat,29,9288,32,false,29,20,11322
512,cmon5.dat,cmon512.epf,11355,25,mon17.dat,61,9320,25,true,29,20,11355
513,cmon5.dat,cmon513.epf,11380,29,mon17.dat,86,9345,29,true,29,20,11380
514,cmon5.dat,cmon514.epf,11409,29,mon17.dat,115,9374,29,true,29,20,11409
515,cmon5.dat,cmon515.epf,11438,41,mon17.dat,144,9403,41,true,29,20,11438
516,cmon5.dat,cmon516.epf,11479,25,mon17.dat,185,9444,25,true,29,20,11479
517,cmon5.dat,cmon517.epf,11504,25,mon17.dat,210,9469,21,false,29,20,11504
518,cmon5.dat,cmon518.epf,11529,33,mon17.dat,231,9490,28,false,29,20,11529
519,cmon5.dat,cmon519.epf,11562,36,mon17.dat,259,9518,28,false,29,20,11562
520,cmon5.dat,cmon520.epf,11598,41,mon17.dat,287,9546,39,false,29,20,11598
521,cmon5.dat,cmon521.epf,11639,37,mon17.dat,326,9585,37,true,29,20,11639
522,cmon5.dat,cmon522.epf,11676,26,mon17.dat,363,9622,25,false,29,20,11676
523,cmon5.dat,cmon523.epf,11702,25,mon17.dat,388,9647,22,false,29,20,11702
524,cmon5.dat,cmon524.epf,11727,33,mon17.dat,410,9669,32,false,29,20,11727
525,cmon5.dat,cmon525.epf,11760,57,mon17.dat,442,9701,31,false,29,20,11760
526,cmon5.dat,cmon526.epf,11817,29,mon17.dat,473,9732,22,false,29,20,11817
527,cmon5.dat,cmon527.epf,11846,25,mon17.dat,495,9754,21,false,29,20,11846
528,cmon5.dat,cmon528.epf,11871,25,mon17.dat,516,9775,25,true,29,20,11871
529,cmon5.dat,cmon529.epf,11896,25,mon17.dat,541,9800,25,true,29,20,11896
530,cmon5.dat,cmon530.epf,11921,33,mon17.dat,566,9825,33,true,29,20,11921
531,cmon5.dat,cmon531.epf,11954,25,mon17.dat,599,9858,25,true,29,20,11954
532,cmon5.dat,cmon532.epf,11979,25,mon17.dat,624,9883,22,false,29,20,11979
533,cmon5.dat,cmon533.epf,12004,29,mon17.dat,646,9905,25,false,29,20,12004
534,cmon5.dat,cmon534.epf,12033,25,mon17.dat,671,9930,18,false,29,20,12033
535,cmon5.dat,cmon535.epf,12058,25,mon17.dat,689,9948,23,false,29,20,12058
536,cmon6.dat,cmon536.epf,12083,25,mon17.dat,712,9971,23,false,29,20,12083
537,cmon6.dat,cmon537.epf,12108,1,mon17.dat,735,9994,1,true,29,20,12108
538,cmon6.dat,cmon538.epf,12109,1,mon17.dat,736,9995,1,true,29,20,12109
539,cmon6.dat,cmon539.epf,12110,1,mon17.dat,737,9996,1,true,29,20,12110
540,cmon6.dat,cmon540.epf,12111,1,mon18.dat,0,9997,1,true,29,20,12111
541,cmon6.dat,cmon541.epf,12112,1,mon18.dat,1,9998,1,true,29,20,12112
542,cmon6.dat,cmon542.epf,12113,1,mon18.dat,2,9999,1,true,29,20,12113
543,cmon6.dat,cmon543.epf,12114,1,mon18.dat,3,10000,1,true,29,20,12114
544,cmon6.dat,cmon544.epf,12115,1,mon18.dat,4,10001,1,true,29,20,12115
545,cmon6.dat,cmon545.epf,12116,1,mon18.dat,5,10002,1,true,29,20,12116
546,cmon6.dat,cmon546.epf,12117,1,mon18.dat,6,10003,1,true,29,20,12117
547,cmon6.dat,cmon547.epf,12118,1,mon18.dat,7,10004,1,true,29,20,12118
548,cmon6.dat,cmon548.epf,12119,1,mon18.dat,8,10005,1,true,29,20,12119
549,cmon6.dat,cmon549.epf,12120,1,mon18.dat,9,10006,1,true,29,20,12120
550,cmon6.dat,cmon550.epf,12121,1,mon18.dat,10,10007,1,true,29,20,12121
551,cmon6.dat,cmon551.epf,12122,1,mon18.dat,11,10008,1,true,29,20,12122
552,cmon6.dat,cmon552.epf,12123,1,mon18.dat,12,10009,1,true,29,20,12123
553,cmon6.dat,cmon553.epf,12124,1,mon18.dat,13,10010,1,true,29,20,12124
554,cmon6.dat,cmon554.epf,12125,1,mon18.dat,14,10011,1,true,29,20,12125
555,cmon6.dat,cmon555.epf,12126,1,mon18.dat,15,10012,1,true,29,20,12126
556,cmon6.dat,cmon556.epf,12127,1,mon18.dat,16,10013,1,true,29,20,12127
557,cmon6.dat,cmon557.epf,12128,1,mon18.dat,17,10014,1,true,29,20,12128
558,cmon6.dat,cmon558.epf,12129,1,mon18.dat,18,10015,1,true,29,20,12129
559,cmon6.dat,cmon559.epf,12130,1,mon18.dat,19,10016,1,true,29,20,12130
560,cmon6.dat,cmon560.epf,12131,1,mon18.dat,20,10017,1,true,29,20,12131
561,cmon6.dat,cmon561.epf,12132,1,mon18.dat,21,10018,1,true,29,20,12132
562,cmon6.dat,cmon562.epf,12133,1,mon18.dat,22,10019,1,true,29,20,12133
563,cmon6.dat,cmon563.epf,12134,1,mon18.dat,23,10020,1,true,29,20,12134
564,cmon6.dat,cmon564.epf,12135,1,mon18.dat,24,10021,1,true,29,20,12135
565,cmon6.dat,cmon565.epf,12136,45,mon18.dat,25,10022,43,false,30,21,12136
566,cmon6.dat,cmon566.epf,12181,28,mon18.dat,68,10065,27,true,30,21,12181
567,cmon6.dat,cmon567.epf,12209,22,mon18.dat,95,10092,21,true,30,21,12209
568,cmon6.dat,cmon568.epf,12231,30,mon18.dat,116,10113,29,true,30,21,12231
569,cmon6.dat,cmon569.epf,12261,17,mon18.dat,145,10142,16,true,30,21,12261
570,cmon6.dat,cmon570.epf,12278,26,mon19.dat,0,10158,25,true,30,21,12278
571,cmon6.dat,cmon571.epf,12304,26,mon19.dat,25,10183,25,true,30,21,12304
572,cmon6.dat,cmon572.epf,12330,26,mon19.dat,50,10208,24,false,30,21,12330
573,cmon6.dat,cmon573.epf,12356,26,mon19.dat,74,10232,25,true,31,22,12356
574,cmon6.dat,cmon574.epf,12382,25,mon19.dat,99,10257,10,false,31,22,12382
575,cmon6.dat,cmon575.epf,12407,22,mon19.dat,109,10267,21,false,31,22,12407
576,cmon6.dat,cmon576.epf,12429,26,mon19.dat,130,10288,25,true,30,21,12429
577,cmon6.dat,cmon577.epf,12455,38,mon19.dat,155,10313,29,false,30,21,12455
578,cmon6.dat,cmon578.epf,12493,26,mon19.dat,184,10342,24,false,31,22,12493
579,cmon6.dat,cmon579.epf,12519,26,mon19.dat,208,10366,25,false,32,23,12519
580,cmon6.dat,cmon580.epf,12545,34,mon19.dat,233,10391,33,false,30,21,12545
581,cmon6.dat,cmon581.epf,12579,34,mon19.dat,266,10424,33,false,30,21,12579
582,cmon6.dat,cmon582.epf,12613,34,mon19.dat,299,10457,30,false,30,21,12613
583,cmon6.dat,cmon583.epf,12647,46,mon19.dat,329,10487,43,false,30,21,12647
584,cmon6.dat,cmon584.epf,12693,30,mon19.dat,372,10530,29,true,30,21,12693
585,cmon6.dat,cmon585.epf,12723,26,mon19.dat,401,10559,25,true,30,21,12723
586,cmon6.dat,cmon586.epf,12749,26,mon19.dat,426,10584,25,true,30,21,12749
587,cmon6.dat,cmon587.epf,12775,26,mon19.dat,451,10609,25,true,30,21,12775
588,cmon6.dat,cmon588.epf,12801,26,mon19.dat,476,10634,25,true,30,21,12801
589,cmon6.dat,cmon589.epf,12827,37,mon19.dat,501,10659,36,false,30,21,12827
590,cmon6.dat,cmon590.epf,12864,26,mon19.dat,537,10695,25,true,30,21,12864
591,cmon6.dat,cmon591.epf,12890,26,mon19.dat,562,10720,25,true,30,21,12890
592,cmon6.dat,cmon592.epf,12916,30,mon19.dat,587,10745,29,true,30,21,12916
593,cmon6.dat,cmon593.epf,12946,43,mon19.dat,616,10774,42,true,30,21,12946
594,cmon6.dat,cmon594.epf,12989,47,mon19.dat,658,10816,34,false,30,21,12989
595,cmon6.dat,cmon595.epf,13036,1,mon19.dat,692,10850,1,true,32,23,13036
596,cmon6.dat,cmon596.epf,13037,1,mon19.dat,693,10851,1,true,32,23,13037
597,cmon6.dat,cmon597.epf,13038,1,mon19.dat,694,10852,1,true,32,23,13038
598,cmon6.dat,cmon598.epf,13039,1,mon19.dat,695,10853,1,true,32,23,13039
599,cmon6.dat,cmon599.epf,13040,1,mon19.dat,696,10854,1,true,32,23,13040
600,cmon6.dat,cmon600.epf,13041,1,mon20.dat,0,10855,1,true,32,23,13041
601,cmon6.dat,cmon601.epf,13042,1,mon20.dat,1,10856,1,true,32,23,13042
602,cmon6.dat,cmon602.epf,13043,1,mon20.dat,2,10857,1,true,32,23,13043
603,cmon6.dat,cmon603.epf,13044,1,mon20.dat,3,10858,1,true,32,23,13044
604,cmon6.dat,cmon604.epf,13045,1,mon20.dat,4,10859,1,true,32,23,13045
605,cmon6.dat,cmon605.epf,13046,1,mon20.dat,5,10860,1,true,29,20,13046
606,cmon6.dat,cmon606.epf,13047,1,mon20.dat,6,10861,1,true,29,20,13047
607,cmon6.dat,cmon607.epf,13048,1,mon20.dat,7,10862,1,true,29,20,13048
608,cmon6.dat,cmon608.epf,13049,1,mon20.dat,8,10863,1,true,29,20,13049
609,cmon6.dat,cmon609.epf,13050,1,mon20.dat,9,10864,1,true,29,20,13050
610,cmon6.dat,cmon610.epf,13051,1,mon20.dat,10,10865,1,true,29,20,13051
611,cmon6.dat,cmon611.epf,13052,1,mon20.dat,11,10866,1,true,29,20,13052
612,cmon6.dat,cmon612.epf,13053,1,mon20.dat,12,10867,1,true,29,20,13053
613,cmon6.dat,cmon613.epf,13054,1,mon20.dat,13,10868,1,true,29,20,13054
614,cmon6.dat,cmon614.epf,13055,1,mon20.dat,14,10869,1,true,29,20,13055
615,cmon6.dat,cmon615.epf,13056,1,mon20.dat,15,10870,1,true,29,20,13056
616,cmon6.dat,cmon616.epf,13057,1,mon20.dat,16,10871,1,true,29,20,13057
617,cmon6.dat,cmon617.epf,13058,22,mon20.dat,17,10872,22,true,41,24,13058
618,cmon6.dat,cmon618.epf,13080,25,mon20.dat,39,10894,25,true,41,24,13080
619,cmon6.dat,cmon619.epf,13105,25,mon20.dat,64,10919,25,true,29,20,13105
620,cmon6.dat,cmon620.epf,13130,32,mon20.dat,89,10944,32,true,41,24,13130
621,cmon6.dat,cmon621.epf,13162,25,mon20.dat,121,10976,25,true,32,23,13162
622,cmon6.dat,cmon622.epf,13187,38,mon20.dat,146,11001,38,true,30,21,13187
623,cmon6.dat,cmon623.epf,13225,29,mon20.dat,184,11039,29,true,30,21,13225
624,cmon6.dat,cmon624.epf,13254,33,mon20.dat,213,11068,33,true,30,21,13254
625,cmon6.dat,cmon625.epf,13287,29,mon20.dat,246,11101,29,true,29,20,13287
626,cmon6.dat,cmon626.epf,13316,25,mon20.dat,275,11130,25,true,29,20,13316
627,cmon6.dat,cmon627.epf,13341,21,mon20.dat,300,11155,21,true,41,24,13341
628,cmon6.dat,cmon628.epf,13362,21,mon20.dat,321,11176,21,true,41,24,13362
629,cmon6.dat,cmon629.epf,13383,21,mon20.dat,342,11197,21,true,41,24,13383
630,cmon6.dat,cmon630.epf,13404,25,mon21.dat,0,11218,25,true,30,21,13404
631,cmon6.dat,cmon631.epf,13429,29,mon21.dat,25,11243,29,true,41,24,13429
632,cmon6.dat,cmon632.epf,13458,25,mon21.dat,54,11272,25,true,41,24,13458
633,cmon6.dat,cmon633.epf,13483,42,mon21.dat,79,11297,42,true,21,14,13483
634,cmon6.dat,cmon634.epf,13525,1,mon21.dat,121,11339,1,true,2,2,13525
635,cmon6.dat,cmon635.epf,13526,1,mon21.dat,122,11340,1,true,2,2,13526
636,cmon6.dat,cmon636.epf,13527,1,mon21.dat,123,11341,1,true,2,2,13527
637,cmon6.dat,cmon637.epf,13528,1,mon21.dat,124,11342,1,true,2,2,13528
638,cmon6.dat,cmon638.epf,13529,1,mon21.dat,125,11343,1,true,2,2,13529
639,cmon6.dat,cmon639.epf,13530,1,mon21.dat,126,11344,1,true,2,2,13530
640,cmon6.dat,cmon640.epf,13531,1,mon21.dat,127,11345,1,true,2,2,13531
641,cmon6.dat,cmon641.epf,13532,1,mon21.dat,128,11346,1,true,2,2,13532
642,cmon6.dat,cmon642.epf,13533,1,mon21.dat,129,11347,1,true,2,2,13533
643,cmon6.dat,cmon643.epf,13534,1,mon21.dat,130,11348,1,true,2,2,13534
644,cmon6.dat,cmon644.epf,13535,1,mon21.dat,131,11349,1,true,2,2,13535
645,cmon6.dat,cmon645.epf,13536,1,mon21.dat,132,11350,1,true,2,2,13536
646,cmon6.dat,cmon646.epf,13537,1,mon21.dat,133,11351,1,true,2,2,13537
647,cmon6.dat,cmon647.epf,13538,1,mon21.dat,134,11352,1,true,2,2,13538
648,cmon6.dat,cmon648.epf,13539,1,mon21.dat,135,11353,1,true,2,2,13539
649,cmon6.dat,cmon649.epf,13540,1,mon21.dat,136,11354,1,true,25,19,13540
650,cmon6.dat,cmon650.epf,13541,25,mon21.dat,137,11355,25,true,21,14,13541
651,cmon6.dat,cmon651.epf,13566,24,mon21.dat,162,11380,24,true,0,0,13566
652,cmon6.dat,cmon652.epf,13590,38,mon21.dat,186,11404,38,true,39,26,13590
653,cmon6.dat,cmon653.epf,13628,33,mon21.dat,224,11442,33,true,39,26,13628
654,cmon6.dat,cmon654.epf,13661,37,mon21.dat,257,11475,37,true,39,26,13661
655,cmon6.dat,cmon655.epf,13698,37,mon21.dat,294,11512,37,true,40,27,13698
656,cmon6.dat,cmon656.epf,13735,31,mon21.dat,331,11549,31,true,39,26,13735
657,cmon6.dat,cmon657.epf,13766,29,mon21.dat,362,11580,29,true,39,26,13766
658,cmon6.dat,cmon658.epf,13795,33,mon21.dat,391,11609,33,true,39,26,13795
659,cmon6.dat,cmon659.epf,13828,25,mon21.dat,424,11642,25,true,39,26,13828
660,cmon6.dat,cmon660.epf,13853,45,mon22.dat,0,11667,45,true,39,26,13853
661,cmon6.dat,cmon661.epf,13898,10,mon22.dat,45,11712,10,true,39,26,13898
662,cmon6.dat,cmon662.epf,13908,25,mon22.dat,55,11722,25,true,2,2,13908
663,cmon6.dat,cmon663.epf,13933,25,mon22.dat,80,11747,25,true,2,2,13933
664,cmon6.dat,cmon664.epf,13958,25,mon22.dat,105,11772,25,true,2,2,13958
665,cmon6.dat,cmon665.epf,13983,25,mon22.dat,130,11797,25,true,2,2,13983
666,cmon6.dat,cmon666.epf,14008,17,mon22.dat,155,11822,17,true,23,18,14008
667,cmon6.dat,cmon667.epf,14025,1,mon22.dat,172,11839,1,true,23,18,14025
668,cmon6.dat,cmon668.epf,14026,1,mon22.dat,173,11840,1,true,23,18,14026
669,cmon6.dat,cmon669.epf,14027,25,mon22.dat,174,11841,25,true,29,20,14027
670,cmon6.dat,cmon670.epf,14052,25,mon22.dat,199,11866,25,true,29,20,14052
671,cmon6.dat,cmon671.epf,14077,25,mon22.dat,224,11891,25,true,29,20,14077
672,cmon6.dat,cmon672.epf,14102,25,mon22.dat,249,11916,25,true,29,20,14102
673,cmon6.dat,cmon673.epf,14127,4,mon22.dat,274,11941,4,true,29,20,14127
674,cmon7.dat,cmon674.epf,14131,4,mon22.dat,278,11945,4,true,29,20,14131
675,cmon7.dat,cmon675.epf,14135,4,mon22.dat,282,11949,4,true,29,20,14135
676,cmon7.dat,cmon676.epf,14139,2,mon22.dat,286,11953,2,true,29,20,14139
677,cmon7.dat,cmon677.epf,14141,25,mon22.dat,288,11955,25,true,29,20,14141
678,cmon7.dat,cmon678.epf,14166,28,mon22.dat,313,11980,28,true,33,28,14166
679,cmon7.dat,cmon679.epf,14194,36,mon22.dat,341,12008,28,true,33,28,14194
680,cmon7.dat,cmon680.epf,14230,44,mon22.dat,369,12036,36,true,33,28,14230
681,cmon7.dat,cmon681.epf,14274,21,mon22.dat,405,12072,21,true,34,29,14274
682,cmon7.dat,cmon682.epf,14295,13,mon22.dat,426,12093,13,true,35,30,14295
683,cmon7.dat,cmon683.epf,14308,1,mon22.dat,439,12106,1,true,36,25,14308
684,cmon7.dat,cmon684.epf,14309,1,mon22.dat,440,12107,1,true,36,25,14309
685,cmon7.dat,cmon685.epf,14310,4,mon22.dat,441,12108,4,true,37,31,14310
686,cmon7.dat,cmon686.epf,14314,1,mon22.dat,445,12112,1,true,37,31,14314
687,cmon7.dat,cmon687.epf,14315,4,mon22.dat,446,12113,4,true,37,31,14315
688,cmon7.dat,cmon688.epf,14319,4,mon22.dat,450,12117,1,true,37,31,14319
689,cmon7.dat,cmon689.epf,14323,4,mon22.dat,451,12118,4,true,37,31,14323
690,cmon7.dat,cmon690.epf,14327,1,mon23.dat,0,12122,1,true,37,31,14327
691,cmon7.dat,cmon691.epf,14328,4,mon23.dat,1,12123,4,true,37,31,14328
692,cmon7.dat,cmon692.epf,14332,1,mon23.dat,5,12127,1,true,37,31,14332
693,cmon7.dat,cmon693.epf,14333,10,mon23.dat,6,12128,10,true,38,32,14333
694,cmon7.dat,cmon694.epf,14343,10,mon23.dat,16,12138,9,true,38,32,14343
695,cmon7.dat,cmon695.epf,14353,10,mon23.dat,25,12147,10,true,38,32,14353
696,cmon7.dat,cmon696.epf,14363,10,mon23.dat,35,12157,10,true,38,32,14363
697,cmon7.dat,cmon697.epf,14373,10,mon23.dat,45,12167,10,true,38,32,14373
698,cmon7.dat,cmon698.epf,14383,10,mon23.dat,55,12177,10,true,38,32,14383
699,cmon7.dat,cmon699.epf,14393,10,mon23.dat,65,12187,10,true,38,32,14393
700,cmon7.dat,cmon700.epf,14403,10,mon23.dat,75,12197,9,true,38,32,14403
701,cmon7.dat,cmon701.epf,14413,10,mon23.dat,84,12206,9,true,38,32,14413
702,cmon7.dat,cmon702.epf,14423,1,mon23.dat,93,12215,1,true,38,32,14423
703,cmon7.dat,cmon703.epf,14424,1,mon23.dat,94,12216,1,true,38,32,14424
704,cmon7.dat,cmon704.epf,14425,1,mon23.dat,95,12217,1,true,38,32,14425
705,cmon7.dat,cmon705.epf,14426,1,mon23.dat,96,12218,1,true,38,32,14426
706,cmon7.dat,cmon706.epf,14427,1,mon23.dat,97,12219,1,true,38,32,14427
707,cmon7.dat,cmon707.epf,14428,1,mon23.dat,98,12220,1,true,38,32,14428
708,cmon7.dat,cmon708.epf,14429,1,mon23.dat,99,12221,1,true,38,32,14429
709,cmon7.dat,cmon709.epf,14430,1,mon23.dat,100,12222,1,true,38,32,14430
710,cmon7.dat,cmon710.epf,14431,1,mon23.dat,101,12223,1,true,38,32,14431
711,cmon7.dat,cmon711.epf,14432,1,mon23.dat,102,12224,1,true,38,32,14432
712,cmon7.dat,cmon712.epf,14433,1,mon23.dat,103,12225,1,true,38,32,14433
713,cmon7.dat,cmon713.epf,14434,1,mon23.dat,104,12226,1,true,38,32,14434
714,cmon7.dat,cmon714.epf,14435,1,mon23.dat,105,12227,1,true,38,32,14435
715,cmon7.dat,cmon715.epf,14436,1,mon23.dat,106,12228,1,true,38,32,14436
716,cmon7.dat,cmon716.epf,14437,1,mon23.dat,107,12229,1,true,38,32,14437
717,cmon7.dat,cmon717.epf,14438,1,mon23.dat,108,12230,1,true,38,32,14438
718,cmon7.dat,cmon718.epf,14439,1,mon23.dat,109,12231,1,true,38,32,14439
719,cmon7.dat,cmon719.epf,14440,1,mon23.dat,110,12232,1,true,38,32,14440
720,cmon7.dat,cmon720.epf,14441,1,mon24.dat,0,12233,1,true,38,32,14441
721,cmon7.dat,cmon721.epf,14442,1,mon24.dat,1,12234,1,true,38,32,14442
722,cmon7.dat,cmon722.epf,14443,1,mon24.dat,2,12235,1,true,38,32,14443
723,cmon7.dat,cmon723.epf,14444,1,mon24.dat,3,12236,1,true,38,32,14444
724,cmon7.dat,cmon724.epf,14445,1,mon24.dat,4,12237,1,true,38,32,14445
725,cmon7.dat,cmon725.epf,14446,1,mon24.dat,5,12238,1,true,38,32,14446
726,cmon7.dat,cmon726.epf,14447,1,mon24.dat,6,12239,1,true,38,32,14447
727,cmon7.dat,cmon727.epf,14448,1,mon24.dat,7,12240,1,true,38,32,14448
728,cmon7.dat,cmon728.epf,14449,1,mon24.dat,8,12241,1,true,38,32,14449
729,cmon7.dat,cmon729.epf,14450,1,mon24.dat,9,12242,1,true,38,32,14450
730,cmon7.dat,cmon730.epf,14451,1,mon24.dat,10,12243,1,true,38,32,14451
731,cmon7.dat,cmon731.epf,14452,1,mon24.dat,11,12244,1,true,38,32,14452
732,cmon7.dat,cmon732.epf,14453,1,mon24.dat,12,12245,1,true,38,32,14453
733,cmon7.dat,cmon733.epf,14454,1,mon24.dat,13,12246,1,true,38,32,14454
734,cmon7.dat,cmon734.epf,14455,29,mon24.dat,14,12247,29,true,39,26,14455
