object_id,classic_tile_ids,nexus_tile_ids
1,103;706;76;66;52;40;28;18;11;1,32564;32562;76;66;52;40;28;18;11;1
2,103;706;706;706;53;41;29;19;12;2,32565;32563;32561;32559;53;41;29;19;12;2
3,97;88;77;706;54;42;30;20;13;3,97;88;77;32560;54;42;30;20;13;3
5,99;90;79;68;56;707;32;21;14;5,99;90;79;68;56;32557;32;21;14;5
6,100;91;80;69;57;705;32;21;14;6,100;91;80;69;57;32558;32556;21;14;6
8,102;93;82;706;59;45;34;22;15;8,102;93;82;32566;59;45;34;22;15;8
9,103;706;706;706;60;46;35;23;16;9,32571;32569;32568;32567;60;46;35;23;16;9
10,103;706;83;71;61;47;36;24;17;10,103;32570;83;71;61;47;36;24;17;10
15,0;1583;1580;1576;56;707;32;21;14;5,0;1583;1580;1576;56;32557;32;21;14;5
16,0;1583;1580;1577;57;705;32;21;14;6,0;1583;1580;1577;57;32558;32556;21;14;6
45,0;0;0;0;0;165;161;157;157;148,0;0;0;0;0;165;161;157;32572;148
46,0;0;0;0;0;166;162;158;158;149,0;0;0;0;0;166;162;158;32573;149
101,1607;1604;1601;209;201,1607;1605;1599;209;201
102,1608;1605;1602;210;202,1608;0;1600;210;202
103,1609;1606;1603;211;203,1609;1606;1601;211;203
104,1607;1604;1601;292;284,1607;1605;1602;292;284
105,1608;1605;1602;293;285,1608;0;1603;293;285
106,1609;1606;1603;293;286,1609;1606;1604;293;286
107,1597;1593;1587;215,1596;1593;1587;215
108,0;0;1588;216,1597;1594;1588;216
109,1598;1594;1589;217,1598;1595;1589;217
110,1599;1595;1590;298,1596;1593;1590;298
111,0;0;1591;299,1597;1594;1591;299
112,1600;1596;1592;300,1598;1595;1592;300
113,0;1605;219;207,1597;1594;219;207;199
114,0;1605;225;213,1597;1594;225;213;205
115,0;1605;302;290,1597;1594;302;290;282
116,0;1605;308;296,1597;1594;308;296;288
134,0;0;0;0;0;389;404;371;363,0;0;0;0;0;389;382;371;363
135,0;0;0;0;0;390;404;372,0;0;0;0;0;390;382;372
136,0;0;0;0;0;390;404;373,0;0;0;0;0;390;382;373
152,419;419;400;396,400;419;419;396
153,422;422;401;397,401;422;422;397
156,419;400;396,400;419;396
157,422;401;397,401;422;397
190,508;508;489;485,489;508;508;485
191,511;511;490;486,490;511;511;486
194,508;489;485,489;508;485
195,511;490;486,490;511;486
236,0;0;0;0;0;638;630;623;612,0;0;0;0;0;639;630;623;612
292,671,670
293,670,671
435,1072,1072;1069
448,0;0;0;884;876;891,0;0;0;905;898;891
449,0;0;0;885;877;892,0;0;0;906;899;892
450,0;0;0;886;897;893,0;0;0;907;900;893
451,0;0;0;901;898;894,0;0;0;908;901;894
452,0;0;0;902;899;895,0;0;0;909;902;895
453,0;0;0;903;900;896,0;0;0;910;903;896
454,0;0;0;890;882;874,0;0;0;911;904;874
455,0;0;0;920;912;904,0;0;0;928;920;912
456,0;0;0;921;913;905,0;0;0;929;921;913
457,0;0;0;922;914;906,0;0;0;930;922;914
458,0;0;0;923;915;907,0;0;0;931;923;915
459,0;0;0;924;916;908,0;0;0;932;924;916
460,0;0;0;925;917;909,0;0;0;933;925;917
461,0;0;0;926;918;910,0;0;0;934;926;918
462,0;0;0;927;919;911,0;0;0;935;927;919
463,0;0;0;920;912;904,0;0;0;928;920;912
464,0;0;0;921;935;928,0;0;0;950;943;936
465,0;0;0;922;914;929,0;0;0;951;944;937
466,0;0;0;923;936;930,0;0;0;952;945;938
467,0;0;0;924;936;931,0;0;0;953;946;939
468,0;0;0;940;937;932,0;0;0;954;947;940
469,0;0;0;941;938;933,0;0;0;955;948;941
470,0;0;0;942;939;934,0;0;0;956;949;942
471,0;0;0;959;951;943,0;0;0;973;965;957
472,0;0;0;960;952;944,0;0;0;974;966;958
473,0;0;0;961;953;945,0;0;0;975;967;959
474,0;0;0;962;954;946,0;0;0;976;968;960
475,0;0;0;963;955;947,0;0;0;977;969;961
476,0;0;0;964;956;948,0;0;0;978;970;962
477,0;0;0;965;957;949,0;0;0;979;971;963
478,0;0;0;966;958;950,0;0;0;980;972;964
479,0;0;0;1037;1032;1026;1026;1017;1008,0;0;0;1036;1031;1026;1021;1016;1011
480,0;0;0;1038;1033;1029;1018;1018;1009,0;0;0;1037;1032;1027;1022;1017;1012
481,0;0;0;1039;1034;1030;1019;1019;1010,0;0;0;1038;1033;1028;1023;1018;1013
482,0;0;0;1040;1035;1031;1020;1020;1011,0;0;0;1039;1034;1029;1024;1019;1014
483,0;0;0;1041;1036;1028;1028;1021;1012,0;0;0;1040;1035;1030;1025;1020;1015
484,993;986,1005;999
485,994;987,1006;1000
486,995;988,1007;1001
487,996;989,1008;1002
488,997;990,1009;1003
489,998;991,1010;1004
490,0;0;0;979;973;967,0;0;0;993;987;981
491,0;0;0;980;974;968,0;0;0;994;988;982
492,0;0;0;981;975;969,0;0;0;995;989;983
493,0;0;0;982;976;970,0;0;0;996;990;984
494,0;0;0;983;977;971,0;0;0;997;991;985
495,0;0;0;984;978;972,0;0;0;998;992;986
510,1107;0;1099;1096,1107;1041;1099;1096
514,1126;1115,1126;1111
531,1126;1136,1125;1136
532,1130;1111,1130;1110
547,1193,
565,1221,1221;1193
578,0;1255;1246,1255
707,1515;1510;1506,1515;1510;1505
708,1516;1511;1507,1516;1511;1506
709,1517;1512;1508,1517;1512;1507
710,1518;1513,1518;1513;1508
743,1597;1593;1587,1596;1593;1587
744,0;0;1588,1597;1594;1588
745,1598;1594;1589,1598;1595;1589
746,1599;1595;1590,1596;1593;1590
747,0;0;1591,1597;1594;1591
748,1600;1596;1592,1598;1595;1592
749,1607;1604;1601,1607;1605;1599
750,1608;1605;1602,1608;0;1600
751,1609;1606;1603,1609;1606;1601
792,0;0;0;1742;1736;1733,0;0;1748;1742;1736;1733
914,2092;2090,2101;2099
915,2093;2091,2102;2100
919,2101;2099,2092;2090
920,2102;2100,2093;2091
956,0;2324;2304;2297;2288;2278;2264,0;2324;2304;2297;2288;2279;2264
957,0;2325;2305;2298;2289;2279;2265,0;2325;2305;2298;2289;2280;2265
958,0;2326;2306;2298;2290;2280;2266;2249,0;2326;2306;2298;2290;2210;2266;2249
970,0;2325;2318;2298;2290;2282;2272;2261,0;2325;2318;2298;2290;2211;2272;2261
971,0;2326;2319;2298;2291;2283;2273,0;2326;2319;2298;2291;2282;2273
972,0;2329;2320;2299;2292;2284;2274,0;2329;2320;2299;2292;2283;2274
985,0;0;0;0;0;0;0;2242;2226;2210,0;0;0;0;0;0;0;2242;2226;2209
986,0;0;0;0;0;0;0;2243;2227;2211,0;0;0;0;0;0;0;2243;2227;2209
994,0;0;0;2346;2343;2340;2336,0;0;0;2346;2196;2340;2336
995,0;0;0;2347;2343;2340;2337,0;0;0;2347;2196;2343;2337
997,2334;2333;2332;2345;2343;2340;2336,2334;2333;2332;2345;2196;2340;2336
998,2334;2333;2332;2348;2343;2340;2337,2334;2333;2332;2348;2196;2343;2337
1596,3929,
1600,3929,
1604,3929,
1608,3929,
1612,3929,
1645,3822;3820,3822;3838
1646,3823;3821,3823;3837
1647,3839;3838,3839;3820
1648,3840;3837,3840;3821
1660,0;0;3808,0;0;3802
1674,0;0;3807,0;0;3801
1703,3155;3153,3155;3170
1704,3156;3154,3156;3169
1718,0;0;3139,0;0;3135
1732,0;0;3140,0;0;3134
1761,3230;3228,3230;3245
1762,3231;3229,3231;3244
1763,3246;3207,3246;3228
1776,0;0;3214,0;0;3210
1790,0;0;3215,0;0;3209
1925,1164;1161,1164;1160
1926,1165;1162,1165;1161
1927,1166;1163,1166;1162
1928,1167;1160,1167;1163
2605,0;5754;5743;5727;5711;5696;5685;5671,0;0;0;5727;5711;5696;5685;5671
2606,0;5754;5743;5728;5712;5697;5684;5672,0;0;0;5728;5712;5697;5684;5672
2607,0;5754;5743;5729;5713;5698;5685;5673,0;0;0;0;5713;5698;5685;5673
2608,0;5754;5743;5729;5714;5699;5684;5674,0;0;0;0;5714;5699;5684;5674
2609,0;5754;5743;5729;5715;5700;5685;5675,0;0;0;5730;5715;5700;5685;5675
2610,0;5754;5743;5731;5716;5701;5684;5676,0;0;0;5731;5716;5701;5684;5676
12187,0;28535;0;28820,0;28535
12671,0;0;29050,
