family,baram_palette,suggested_nexus_palette,action,all_identical_nexus_palettes
monster,0,0,reuse,0;2
monster,1,1,reuse,1
monster,2,2,reuse,0;2
monster,3,3,reuse,3
monster,4,4,reuse,4
monster,5,5,reuse,5;8
monster,6,6,reuse,6
monster,7,7,reuse,7
monster,8,4,reuse,4
monster,9,8,reuse,5;8
monster,10,8,reuse,5;8
monster,11,9,reuse,9
monster,12,8,reuse,5;8
monster,13,10,reuse,10
monster,14,11,reuse,11
monster,15,12,reuse,12
monster,16,13,reuse,13
monster,17,14,reuse,14
monster,18,15,reuse,15
monster,19,16,reuse,16
monster,20,14,reuse,14
monster,21,14,reuse,14
monster,22,17,reuse,17
monster,23,18,reuse,18
monster,24,14,reuse,14
monster,25,19,reuse,19
monster,26,14,reuse,14
monster,27,14,reuse,14
monster,28,18,reuse,18
monster,29,20,reuse,20
monster,30,21,reuse,21
monster,31,22,reuse,22
monster,32,23,reuse,23
monster,33,28,reuse,28
monster,34,29,reuse,29
monster,35,30,reuse,30
monster,36,25,reuse,25
monster,37,31,reuse,31
monster,38,32,reuse,32
monster,39,26,reuse,26
monster,40,27,reuse,27
monster,41,24,reuse,24
ground,0,3,reuse,3;14;74;89
ground,1,1,reuse,1;16;72;73;87
ground,2,553,append,
ground,3,3,reuse,3;14;74;89
ground,4,4,reuse,4;7;75
ground,5,5,reuse,5;6;76
ground,6,6,reuse,5;6;76
ground,7,7,reuse,4;7;75
ground,8,8,reuse,8
ground,9,9,reuse,9;77
ground,10,10,reuse,10;11;12;13;78;79;80;81;82;84;85
ground,11,11,reuse,10;11;12;13;78;79;80;81;82;84;85
ground,12,12,reuse,10;11;12;13;78;79;80;81;82;84;85
ground,13,13,reuse,10;11;12;13;78;79;80;81;82;84;85
ground,14,14,reuse,3;14;74;89
ground,15,15,reuse,15;86
ground,16,16,reuse,1;16;72;73;87
ground,17,17,reuse,17;88
ground,18,18,reuse,18
ground,19,19,reuse,19;21;90
ground,20,20,reuse,20;91
ground,21,21,reuse,19;21;90
ground,22,22,reuse,22;92;93
ground,23,23,reuse,23;36;37;38;94;95;108;109
ground,24,24,reuse,24;96
ground,25,25,reuse,25;26;97;100
ground,26,26,reuse,25;26;97;100
ground,27,27,reuse,27
ground,28,28,reuse,28;29;101;102;103;104
ground,29,29,reuse,28;29;101;102;103;104
ground,30,30,reuse,30;105
ground,31,31,reuse,31;106
ground,32,32,reuse,32;34;107
ground,33,33,reuse,33
ground,34,34,reuse,32;34;107
ground,35,35,reuse,35;40
ground,36,36,reuse,23;36;37;38;94;95;108;109
ground,37,37,reuse,23;36;37;38;94;95;108;109
ground,38,38,reuse,23;36;37;38;94;95;108;109
ground,39,39,reuse,39;110
ground,40,40,reuse,35;40
ground,41,41,reuse,41;43;111;113
ground,42,42,reuse,42;45;112
ground,43,43,reuse,41;43;111;113
ground,44,44,reuse,44
ground,45,45,reuse,42;45;112
ground,46,46,reuse,46;114
ground,47,47,reuse,47;48;52;115;116
ground,48,48,reuse,47;48;52;115;116
ground,49,49,reuse,49;50;51;53;117;118;119
ground,50,50,reuse,49;50;51;53;117;118;119
ground,51,51,reuse,49;50;51;53;117;118;119
ground,52,52,reuse,47;48;52;115;116
ground,53,53,reuse,49;50;51;53;117;118;119
ground,54,54,reuse,54;120
ground,55,55,reuse,55;57;58;59;61;121;122;124;125
ground,56,56,reuse,56;60;123
ground,57,57,reuse,55;57;58;59;61;121;122;124;125
ground,58,58,reuse,55;57;58;59;61;121;122;124;125
ground,59,59,reuse,55;57;58;59;61;121;122;124;125
ground,60,60,reuse,56;60;123
ground,61,61,reuse,55;57;58;59;61;121;122;124;125
ground,62,62,reuse,62;126;127
ground,63,63,reuse,63;128
ground,64,64,reuse,64;129;135
ground,65,65,reuse,65;130
ground,66,66,reuse,66;131
ground,67,67,reuse,67;68;69;132;133
ground,68,68,reuse,67;68;69;132;133
ground,69,69,reuse,67;68;69;132;133
ground,70,70,reuse,70;134
ground,71,71,reuse,71;136
ground,72,72,reuse,1;16;72;73;87
ground,73,73,reuse,1;16;72;73;87
ground,74,74,reuse,3;14;74;89
ground,75,75,reuse,4;7;75
ground,76,76,reuse,5;6;76
ground,77,77,reuse,9;77
ground,78,78,reuse,10;11;12;13;78;79;80;81;82;84;85
ground,79,79,reuse,10;11;12;13;78;79;80;81;82;84;85
ground,80,80,reuse,10;11;12;13;78;79;80;81;82;84;85
ground,81,81,reuse,10;11;12;13;78;79;80;81;82;84;85
ground,82,82,reuse,10;11;12;13;78;79;80;81;82;84;85
ground,83,554,append,
ground,84,84,reuse,10;11;12;13;78;79;80;81;82;84;85
ground,85,85,reuse,10;11;12;13;78;79;80;81;82;84;85
ground,86,86,reuse,15;86
ground,87,87,reuse,1;16;72;73;87
ground,88,88,reuse,17;88
ground,89,89,reuse,3;14;74;89
ground,90,90,reuse,19;21;90
ground,91,91,reuse,20;91
ground,92,92,reuse,22;92;93
ground,93,93,reuse,22;92;93
ground,94,94,reuse,23;36;37;38;94;95;108;109
ground,95,95,reuse,23;36;37;38;94;95;108;109
ground,96,96,reuse,24;96
ground,97,97,reuse,25;26;97;100
ground,98,98,reuse,98
ground,99,100,reuse,25;26;97;100
ground,100,100,reuse,25;26;97;100
ground,101,101,reuse,28;29;101;102;103;104
ground,102,102,reuse,28;29;101;102;103;104
ground,103,103,reuse,28;29;101;102;103;104
ground,104,104,reuse,28;29;101;102;103;104
ground,105,105,reuse,30;105
ground,106,106,reuse,31;106
ground,107,107,reuse,32;34;107
ground,108,108,reuse,23;36;37;38;94;95;108;109
ground,109,109,reuse,23;36;37;38;94;95;108;109
ground,110,110,reuse,39;110
ground,111,111,reuse,41;43;111;113
ground,112,112,reuse,42;45;112
ground,113,113,reuse,41;43;111;113
ground,114,114,reuse,46;114
ground,115,115,reuse,47;48;52;115;116
ground,116,116,reuse,47;48;52;115;116
ground,117,117,reuse,49;50;51;53;117;118;119
ground,118,118,reuse,49;50;51;53;117;118;119
ground,119,119,reuse,49;50;51;53;117;118;119
ground,120,120,reuse,54;120
ground,121,121,reuse,55;57;58;59;61;121;122;124;125
ground,122,122,reuse,55;57;58;59;61;121;122;124;125
ground,123,123,reuse,56;60;123
ground,124,124,reuse,55;57;58;59;61;121;122;124;125
ground,125,125,reuse,55;57;58;59;61;121;122;124;125
ground,126,126,reuse,62;126;127
ground,127,127,reuse,62;126;127
ground,128,128,reuse,63;128
ground,129,129,reuse,64;129;135
ground,130,130,reuse,65;130
ground,131,131,reuse,66;131
ground,132,132,reuse,67;68;69;132;133
ground,133,133,reuse,67;68;69;132;133
ground,134,134,reuse,70;134
ground,135,135,reuse,64;129;135
ground,136,136,reuse,71;136
ground,137,137,reuse,137;138;139;140
ground,138,138,reuse,137;138;139;140
ground,139,139,reuse,137;138;139;140
ground,140,140,reuse,137;138;139;140
ground,141,141,reuse,141;149
ground,142,142,reuse,142
ground,143,143,reuse,143
ground,144,144,reuse,144;146
ground,145,145,reuse,145;147
ground,146,146,reuse,144;146
ground,147,147,reuse,145;147
ground,148,148,reuse,148
ground,149,149,reuse,141;149
ground,150,150,reuse,150
ground,151,151,reuse,151
object,0,4,reuse,4
object,1,17,reuse,17;38
object,2,3,reuse,3
object,3,3,reuse,3
object,4,4,reuse,4
object,5,5,reuse,5
object,6,6,reuse,6
object,7,7,reuse,7
object,8,8,reuse,8
object,9,9,reuse,9
object,10,10,reuse,10
object,11,11,reuse,11
object,12,12,reuse,12
object,13,13,reuse,13
object,14,14,reuse,14
object,15,15,reuse,15;28;72
object,16,16,reuse,16;20;23
object,17,17,reuse,17;38
object,18,18,reuse,18;19
object,19,19,reuse,18;19
object,20,20,reuse,16;20;23
object,21,21,reuse,21
object,22,22,reuse,22
object,23,23,reuse,16;20;23
object,24,24,reuse,24
object,25,25,reuse,25
object,26,26,reuse,26
object,27,27,reuse,27
object,28,28,reuse,15;28;72
object,29,29,reuse,29
object,30,30,reuse,30
object,31,31,reuse,31;32;33;34
object,32,32,reuse,31;32;33;34
object,33,33,reuse,31;32;33;34
object,34,34,reuse,31;32;33;34
object,35,35,reuse,35
object,36,36,reuse,36
object,37,37,reuse,37;39;65;66;67;68;69;70
object,38,38,reuse,17;38
object,39,39,reuse,37;39;65;66;67;68;69;70
object,40,40,reuse,40
object,41,41,reuse,41
object,42,42,reuse,42;44
object,43,43,reuse,43
object,44,44,reuse,42;44
object,45,45,reuse,45
object,46,46,reuse,46
object,47,47,reuse,47
object,48,48,reuse,48;49
object,49,49,reuse,48;49
object,50,50,reuse,50
object,51,51,reuse,51
object,52,52,reuse,52;60;61
object,53,53,reuse,53;56;58
object,54,54,reuse,54;55;57;59
object,55,55,reuse,54;55;57;59
object,56,56,reuse,53;56;58
object,57,57,reuse,54;55;57;59
object,58,58,reuse,53;56;58
object,59,59,reuse,54;55;57;59
object,60,60,reuse,52;60;61
object,61,61,reuse,52;60;61
object,62,62,reuse,62;64;71
object,63,63,reuse,63
object,64,64,reuse,62;64;71
object,65,65,reuse,37;39;65;66;67;68;69;70
object,66,66,reuse,37;39;65;66;67;68;69;70
object,67,67,reuse,37;39;65;66;67;68;69;70
object,68,68,reuse,37;39;65;66;67;68;69;70
object,69,69,reuse,37;39;65;66;67;68;69;70
object,70,70,reuse,37;39;65;66;67;68;69;70
object,71,71,reuse,62;64;71
object,72,72,reuse,15;28;72
object,73,73,reuse,73;75
object,74,74,reuse,74
object,75,75,reuse,73;75
object,76,76,reuse,76;77
object,77,77,reuse,76;77
object,78,78,reuse,78;79
object,79,79,reuse,78;79
object,80,80,reuse,80
object,81,81,reuse,81;82
object,82,82,reuse,81;82
object,83,83,reuse,83
object,84,84,reuse,84;85;86;87;93
object,85,85,reuse,84;85;86;87;93
object,86,86,reuse,84;85;86;87;93
object,87,87,reuse,84;85;86;87;93
object,88,88,reuse,88;89;90;92
object,89,89,reuse,88;89;90;92
object,90,90,reuse,88;89;90;92
object,91,91,reuse,91
object,92,92,reuse,88;89;90;92
object,93,93,reuse,84;85;86;87;93
object,94,94,reuse,94;95
object,95,95,reuse,94;95
object,96,96,reuse,96
object,97,97,reuse,97;98;99;104
object,98,98,reuse,97;98;99;104
object,99,99,reuse,97;98;99;104
object,100,100,reuse,100;103
object,101,101,reuse,101
object,102,102,reuse,102
object,103,103,reuse,100;103
object,104,104,reuse,97;98;99;104
object,105,105,reuse,105
object,106,106,reuse,106
object,107,107,reuse,107
object,108,108,reuse,108;109;110;111;112;113
object,109,109,reuse,108;109;110;111;112;113
object,110,110,reuse,108;109;110;111;112;113
object,111,111,reuse,108;109;110;111;112;113
object,112,112,reuse,108;109;110;111;112;113
object,113,113,reuse,108;109;110;111;112;113
object,114,114,reuse,114;115
object,115,115,reuse,114;115
object,116,116,reuse,116;119;121
object,117,117,reuse,117;120;122
object,118,118,reuse,118
object,119,119,reuse,116;119;121
object,120,120,reuse,117;120;122
object,121,121,reuse,116;119;121
object,122,122,reuse,117;120;122
object,123,123,reuse,123
object,124,124,reuse,124;125;126;127;128
object,125,125,reuse,124;125;126;127;128
object,126,126,reuse,124;125;126;127;128
object,127,127,reuse,124;125;126;127;128
object,128,128,reuse,124;125;126;127;128
riding,167,40,append,
